page_idx	rows	max_event_time	new_seqs	cum_seqs	empty_streak
1	502	85533999	502	502	0
2	502	85534879	1	503	0
3	502	85534879	0	503	1
4	502	85534879	0	503	2
5	502	85534879	0	503	3
6	502	85534879	0	503	4
7	502	85534879	0	503	5
8	502	85534879	0	503	6
9	502	85534879	0	503	7
10	502	85534879	0	503	8
11	502	85534879	0	503	9
12	502	85534879	0	503	10
13	502	85534879	0	503	11
14	502	85534879	0	503	12
15	502	85534879	0	503	13
16	502	85534879	0	503	14
17	502	85534879	0	503	15
18	503	85615598	46	549	0
19	503	85708038	76	625	0
20	503	85751901	63	688	0
21	503	85808899	25	713	0
22	503	85859740	75	788	0
23	503	85918896	34	822	0
24	503	85948696	50	872	0
25	503	90010891	49	921	0
26	503	90018621	27	948	0
27	503	90038811	88	1036	0
28	503	90044397	16	1052	0
29	503	90103728	61	1113	0
30	503	90121406	62	1175	0
31	503	90130705	24	1199	0
32	503	90153224	89	1288	0
33	503	90206502	38	1326	0
34	503	90229239	66	1392	0
35	503	90229239	0	1392	1
36	503	90229239	0	1392	2
37	503	90229239	0	1392	3
38	503	90229239	0	1392	4
39	503	90229239	0	1392	5
40	503	90229239	0	1392	6
41	503	90229239	0	1392	7
42	503	90229239	0	1392	8
43	503	90229239	0	1392	9
44	503	90229239	0	1392	10
45	503	90229239	0	1392	11
46	503	90229239	0	1392	12
47	503	90229239	0	1392	13
48	503	90229239	0	1392	14
49	503	90229239	0	1392	15
50	503	90229239	0	1392	16
51	503	90229239	0	1392	17
52	503	90229239	0	1392	18
53	503	90229239	0	1392	19
54	503	90229239	0	1392	20
55	503	90229239	0	1392	21
56	503	90229239	0	1392	22
57	503	90229239	0	1392	23
58	503	90229239	0	1392	24
59	503	90229239	0	1392	25
60	503	90229239	0	1392	26
61	503	90229239	0	1392	27
62	503	90229239	0	1392	28
63	503	90229239	0	1392	29
64	503	90229239	0	1392	30
65	503	90229239	0	1392	31
66	503	90229239	0	1392	32
67	503	90229239	0	1392	33
68	503	90229239	0	1392	34
69	503	90229239	0	1392	35
70	503	90229239	0	1392	36
71	503	90229239	0	1392	37
72	503	90229239	0	1392	38
73	503	90229239	0	1392	39
74	503	90229239	0	1392	40
75	503	90229239	0	1392	41
76	503	90229239	0	1392	42
77	503	90229239	0	1392	43
78	503	90229239	0	1392	44
79	503	90229239	0	1392	45
80	503	90229239	0	1392	46
81	503	90229239	0	1392	47
82	503	90229239	0	1392	48
83	503	90229239	0	1392	49
84	503	90229239	0	1392	50
85	503	90229239	0	1392	51
86	503	90229239	0	1392	52
87	503	90229239	0	1392	53
88	503	90229239	0	1392	54
89	503	90229239	0	1392	55
90	503	90229239	0	1392	56
91	503	90229239	0	1392	57
92	503	90229239	0	1392	58
93	503	90229239	0	1392	59
94	503	90229239	0	1392	60
95	503	90229239	0	1392	61
96	503	90229239	0	1392	62
97	503	90229239	0	1392	63
98	503	90229239	0	1392	64
99	503	90229239	0	1392	65
100	503	90229239	0	1392	66
101	503	90229239	0	1392	67
102	545	90345810	161	1553	0
103	505	90345810	0	1553	1
104	429	90345810	0	1553	2
105	321	90345810	0	1553	3
106	242	90345810	0	1553	4
107	205	90345810	0	1553	5
108	204	90345810	0	1553	6
109	203	90345810	0	1553	7
110	203	90345810	0	1553	8
111	203	90345810	0	1553	9
112	203	90345810	0	1553	10
113	203	90345810	0	1553	11
114	203	90345810	0	1553	12
115	203	90345810	0	1553	13
116	203	90345810	0	1553	14
117	203	90345810	0	1553	15
118	203	90345810	0	1553	16
119	203	90345810	0	1553	17
120	203	90345810	0	1553	18
121	203	90345810	0	1553	19
122	203	90345810	0	1553	20
123	203	90345810	0	1553	21
124	203	90345810	0	1553	22
125	203	90345810	0	1553	23
126	203	90345810	0	1553	24
127	203	90345810	0	1553	25
128	203	90345810	0	1553	26
129	203	90345810	0	1553	27
130	203	90345810	0	1553	28
131	203	90345810	0	1553	29
132	203	90345810	0	1553	30
133	203	90345810	0	1553	31
134	203	90345810	0	1553	32
135	203	90345810	0	1553	33
136	203	90345810	0	1553	34
137	203	90345810	0	1553	35
138	203	90345810	0	1553	36
139	203	90345810	0	1553	37
140	203	90345810	0	1553	38
141	203	90345810	0	1553	39
142	203	90345810	0	1553	40
143	203	90345810	0	1553	41
144	203	90345810	0	1553	42
145	203	90345810	0	1553	43
146	203	90345810	0	1553	44
147	203	90345810	0	1553	45
148	203	90345810	0	1553	46
149	203	90345810	0	1553	47
150	203	90345810	0	1553	48
151	203	90345810	0	1553	49
152	203	90345810	0	1553	50
153	203	90345810	0	1553	51
154	203	90345810	0	1553	52
155	203	90345810	0	1553	53
156	203	90345810	0	1553	54
157	203	90345810	0	1553	55
158	203	90345810	0	1553	56
159	203	90345810	0	1553	57
160	203	90345810	0	1553	58
161	203	90345810	0	1553	59
162	203	90345810	0	1553	60
163	203	90345810	0	1553	61
164	203	90345810	0	1553	62
165	203	90345810	0	1553	63
166	203	90345810	0	1553	64
167	203	90345810	0	1553	65
168	203	90345810	0	1553	66
169	203	90345810	0	1553	67
170	203	90345810	0	1553	68
171	203	90345810	0	1553	69
172	203	90345810	0	1553	70
173	203	90345810	0	1553	71
174	203	90345810	0	1553	72
175	203	90345810	0	1553	73
176	203	90345810	0	1553	74
177	203	90345810	0	1553	75
178	203	90345810	0	1553	76
179	203	90345810	0	1553	77
180	203	90345810	0	1553	78
181	203	90345810	0	1553	79
182	203	90345810	0	1553	80
183	203	90345810	0	1553	81
184	203	90345810	0	1553	82
185	203	90345810	0	1553	83
186	203	90345810	0	1553	84
187	203	90345810	0	1553	85
188	203	90345810	0	1553	86
189	203	90345810	0	1553	87
190	203	90345810	0	1553	88
191	203	90345810	0	1553	89
192	203	90345810	0	1553	90
193	203	90345810	0	1553	91
194	203	90345810	0	1553	92
195	203	90345810	0	1553	93
196	203	90345810	0	1553	94
197	203	90345810	0	1553	95
198	203	90345810	0	1553	96
199	203	90345810	0	1553	97
200	203	90345810	0	1553	98
201	203	90345810	0	1553	99
202	203	90345810	0	1553	100
203	203	90345810	0	1553	101
204	203	90345810	0	1553	102
205	203	90345810	0	1553	103
206	203	90345810	0	1553	104
207	203	90345810	0	1553	105
208	203	90345810	0	1553	106
209	203	90345810	0	1553	107
210	203	90345810	0	1553	108
211	203	90345810	0	1553	109
212	203	90345810	0	1553	110
213	203	90345810	0	1553	111
214	203	90345810	0	1553	112
215	203	90345810	0	1553	113
216	203	90345810	0	1553	114
217	203	90345810	0	1553	115
218	203	90345810	0	1553	116
219	203	90345810	0	1553	117
220	203	90345810	0	1553	118
221	203	90345810	0	1553	119
222	203	90345810	0	1553	120
223	203	90345810	0	1553	121
224	203	90345810	0	1553	122
225	203	90345810	0	1553	123
226	203	90345810	0	1553	124
227	203	90345810	0	1553	125
228	203	90345810	0	1553	126
229	203	90345810	0	1553	127
230	203	90345810	0	1553	128
231	203	90345810	0	1553	129
232	203	90345810	0	1553	130
233	203	90345810	0	1553	131
234	203	90345810	0	1553	132
235	203	90345810	0	1553	133
236	203	90345810	0	1553	134
237	203	90345810	0	1553	135
238	203	90345810	0	1553	136
239	203	90345810	0	1553	137
240	203	90345810	0	1553	138
241	203	90345810	0	1553	139
242	203	90345810	0	1553	140
243	203	90345810	0	1553	141
244	203	90345810	0	1553	142
245	203	90345810	0	1553	143
246	203	90345810	0	1553	144
247	203	90345810	0	1553	145
248	203	90345810	0	1553	146
249	203	90345810	0	1553	147
250	203	90345810	0	1553	148
251	203	90345810	0	1553	149
252	203	90345810	0	1553	150
253	203	90345810	0	1553	151
254	203	90345810	0	1553	152
255	203	90345810	0	1553	153
256	203	90345810	0	1553	154
257	203	90345810	0	1553	155
258	203	90345810	0	1553	156
259	203	90345810	0	1553	157
260	203	90345810	0	1553	158
261	203	90345810	0	1553	159
262	203	90345810	0	1553	160
263	203	90345810	0	1553	161
264	203	90345810	0	1553	162
265	203	90345810	0	1553	163
266	203	90345810	0	1553	164
267	203	90345810	0	1553	165
268	203	90345810	0	1553	166
269	203	90345810	0	1553	167
270	203	90345810	0	1553	168
271	203	90345810	0	1553	169
272	203	90345810	0	1553	170
273	203	90345810	0	1553	171
274	203	90345810	0	1553	172
275	203	90345810	0	1553	173
276	203	90345810	0	1553	174
277	203	90345810	0	1553	175
278	203	90345810	0	1553	176
279	203	90345810	0	1553	177
280	203	90345810	0	1553	178
281	203	90345810	0	1553	179
282	203	90345810	0	1553	180
283	203	90345810	0	1553	181
284	203	90345810	0	1553	182
285	203	90345810	0	1553	183
286	203	90345810	0	1553	184
287	203	90345810	0	1553	185
288	203	90345810	0	1553	186
289	203	90345810	0	1553	187
290	203	90345810	0	1553	188
291	203	90345810	0	1553	189
292	203	90345810	0	1553	190
293	203	90345810	0	1553	191
294	203	90345810	0	1553	192
295	203	90345810	0	1553	193
296	203	90345810	0	1553	194
297	203	90345810	0	1553	195
298	203	90345810	0	1553	196
299	203	90345810	0	1553	197
300	203	90345810	0	1553	198
301	203	90345810	0	1553	199
302	203	90345810	0	1553	200
303	203	90345810	0	1553	201
304	203	90345810	0	1553	202
305	203	90345810	0	1553	203
306	203	90345810	0	1553	204
307	203	90345810	0	1553	205
308	203	90345810	0	1553	206
309	203	90345810	0	1553	207
310	203	90345810	0	1553	208
311	203	90345810	0	1553	209
312	203	90345810	0	1553	210
313	203	90345810	0	1553	211
314	203	90345810	0	1553	212
315	203	90345810	0	1553	213
316	203	90345810	0	1553	214
317	203	90345810	0	1553	215
318	203	90345810	0	1553	216
319	203	90345810	0	1553	217
320	203	90345810	0	1553	218
321	203	90345810	0	1553	219
322	203	90345810	0	1553	220
323	203	90345810	0	1553	221
324	203	90345810	0	1553	222
325	203	90345810	0	1553	223
326	203	90345810	0	1553	224
327	203	90345810	0	1553	225
328	203	90345810	0	1553	226
329	203	90345810	0	1553	227
330	203	90345810	0	1553	228
331	203	90345810	0	1553	229
332	203	90345810	0	1553	230
333	203	90345810	0	1553	231
334	203	90345810	0	1553	232
335	203	90345810	0	1553	233
336	203	90345810	0	1553	234
337	203	90345810	0	1553	235
338	203	90345810	0	1553	236
339	203	90345810	0	1553	237
340	203	90345810	0	1553	238
341	203	90345810	0	1553	239
342	203	90345810	0	1553	240
343	203	90345810	0	1553	241
344	203	90345810	0	1553	242
345	203	90345810	0	1553	243
346	203	90345810	0	1553	244
347	203	90345810	0	1553	245
348	203	90345810	0	1553	246
349	203	90345810	0	1553	247
350	203	90345810	0	1553	248
351	203	90345810	0	1553	249
352	203	90345810	0	1553	250
353	203	90345810	0	1553	251
354	203	90345810	0	1553	252
355	203	90345810	0	1553	253
356	203	90345810	0	1553	254
357	203	90345810	0	1553	255
358	203	90345810	0	1553	256
359	203	90345810	0	1553	257
360	203	90345810	0	1553	258
361	203	90345810	0	1553	259
362	203	90345810	0	1553	260
363	203	90345810	0	1553	261
364	203	90345810	0	1553	262
365	203	90345810	0	1553	263
366	203	90345810	0	1553	264
367	203	90345810	0	1553	265
368	203	90345810	0	1553	266
369	203	90345810	0	1553	267
370	203	90345810	0	1553	268
371	203	90345810	0	1553	269
372	203	90345810	0	1553	270
373	203	90345810	0	1553	271
374	203	90345810	0	1553	272
375	203	90345810	0	1553	273
376	203	90345810	0	1553	274
377	203	90345810	0	1553	275
378	203	90345810	0	1553	276
379	203	90345810	0	1553	277
380	203	90345810	0	1553	278
381	203	90345810	0	1553	279
382	203	90345810	0	1553	280
383	203	90345810	0	1553	281
384	203	90345810	0	1553	282
385	203	90345810	0	1553	283
386	203	90345810	0	1553	284
387	203	90345810	0	1553	285
388	203	90345810	0	1553	286
389	203	90345810	0	1553	287
390	203	90345810	0	1553	288
391	203	90345810	0	1553	289
392	203	90345810	0	1553	290
393	203	90345810	0	1553	291
394	203	90345810	0	1553	292
395	203	90345810	0	1553	293
396	203	90345810	0	1553	294
397	203	90345810	0	1553	295
398	203	90345810	0	1553	296
399	203	90345810	0	1553	297
400	203	90345810	0	1553	298
401	203	90345810	0	1553	299
402	203	90345810	0	1553	300
403	203	90345810	0	1553	301
404	203	90345810	0	1553	302
405	203	90345810	0	1553	303
406	203	90345810	0	1553	304
407	203	90345810	0	1553	305
408	203	90345810	0	1553	306
409	203	90345810	0	1553	307
410	203	90345810	0	1553	308
411	203	90345810	0	1553	309
412	203	90345810	0	1553	310
413	203	90345810	0	1553	311
414	203	90345810	0	1553	312
415	203	90345810	0	1553	313
416	203	90345810	0	1553	314
417	203	90345810	0	1553	315
418	203	90345810	0	1553	316
419	203	90345810	0	1553	317
420	203	90345810	0	1553	318
421	203	90345810	0	1553	319
422	203	90345810	0	1553	320
423	203	90345810	0	1553	321
424	203	90345810	0	1553	322
425	203	90345810	0	1553	323
426	203	90345810	0	1553	324
427	203	90345810	0	1553	325
428	203	90345810	0	1553	326
429	203	90345810	0	1553	327
430	203	90345810	0	1553	328
431	203	90345810	0	1553	329
432	203	90345810	0	1553	330
433	203	90345810	0	1553	331
434	203	90345810	0	1553	332
435	203	90345810	0	1553	333
436	203	90345810	0	1553	334
437	203	90345810	0	1553	335
438	203	90345810	0	1553	336
439	203	90345810	0	1553	337
440	203	90345810	0	1553	338
441	203	90345810	0	1553	339
442	203	90345810	0	1553	340
443	203	90345810	0	1553	341
444	203	90345810	0	1553	342
445	203	90345810	0	1553	343
446	203	90345810	0	1553	344
447	203	90345810	0	1553	345
448	203	90345810	0	1553	346
449	203	90345810	0	1553	347
450	203	90345810	0	1553	348
451	203	90345810	0	1553	349
452	203	90345810	0	1553	350
453	203	90345810	0	1553	351
454	203	90345810	0	1553	352
455	203	90345810	0	1553	353
456	203	90345810	0	1553	354
457	203	90345810	0	1553	355
458	203	90345810	0	1553	356
459	203	90345810	0	1553	357
460	203	90345810	0	1553	358
461	203	90345810	0	1553	359
462	203	90345810	0	1553	360
463	203	90345810	0	1553	361
464	203	90345810	0	1553	362
465	203	90345810	0	1553	363
466	203	90345810	0	1553	364
467	203	90345810	0	1553	365
468	203	90345810	0	1553	366
469	203	90345810	0	1553	367
470	203	90345810	0	1553	368
471	203	90345810	0	1553	369
472	203	90345810	0	1553	370
473	203	90345810	0	1553	371
474	203	90345810	0	1553	372
475	203	90345810	0	1553	373
476	203	90345810	0	1553	374
477	203	90345810	0	1553	375
478	203	90345810	0	1553	376
479	203	90345810	0	1553	377
480	203	90345810	0	1553	378
481	203	90345810	0	1553	379
482	203	90345810	0	1553	380
483	203	90345810	0	1553	381
484	203	90345810	0	1553	382
485	203	90345810	0	1553	383
486	203	90345810	0	1553	384
487	203	90345810	0	1553	385
488	203	90345810	0	1553	386
489	203	90345810	0	1553	387
490	203	90345810	0	1553	388
491	203	90345810	0	1553	389
492	203	90345810	0	1553	390
493	203	90345810	0	1553	391
494	203	90345810	0	1553	392
495	203	90345810	0	1553	393
496	203	90345810	0	1553	394
497	203	90345810	0	1553	395
498	203	90345810	0	1553	396
499	203	90345810	0	1553	397
500	203	90345810	0	1553	398
501	203	90345810	0	1553	399
502	203	90345810	0	1553	400
503	203	90345810	0	1553	401
504	203	90345810	0	1553	402
505	203	90345810	0	1553	403
506	203	90345810	0	1553	404
507	203	90345810	0	1553	405
508	203	90345810	0	1553	406
509	203	90345810	0	1553	407
510	203	90345810	0	1553	408
511	203	90345810	0	1553	409
512	203	90345810	0	1553	410
513	203	90345810	0	1553	411
514	203	90345810	0	1553	412
515	203	90345810	0	1553	413
516	203	90345810	0	1553	414
517	203	90345810	0	1553	415
518	203	90345810	0	1553	416
519	203	90345810	0	1553	417
520	203	90345810	0	1553	418
521	203	90345810	0	1553	419
522	203	90345810	0	1553	420
523	203	90345810	0	1553	421
524	203	90345810	0	1553	422
525	203	90345810	0	1553	423
526	203	90345810	0	1553	424
527	203	90345810	0	1553	425
528	203	90345810	0	1553	426
529	203	90345810	0	1553	427
530	203	90345810	0	1553	428
531	203	90345810	0	1553	429
532	203	90345810	0	1553	430
533	203	90345810	0	1553	431
534	203	90345810	0	1553	432
535	203	90345810	0	1553	433
536	203	90345810	0	1553	434
537	203	90345810	0	1553	435
538	203	90345810	0	1553	436
539	203	90345810	0	1553	437
540	203	90345810	0	1553	438
541	203	90345810	0	1553	439
542	203	90345810	0	1553	440
543	203	90345810	0	1553	441
544	203	90345810	0	1553	442
545	203	90345810	0	1553	443
546	203	90345810	0	1553	444
547	203	90345810	0	1553	445
548	203	90345810	0	1553	446
549	203	90345810	0	1553	447
550	203	90345810	0	1553	448
551	203	90345810	0	1553	449
552	203	90345810	0	1553	450
553	203	90345810	0	1553	451
554	203	90345810	0	1553	452
555	203	90345810	0	1553	453
556	203	90345810	0	1553	454
557	203	90345810	0	1553	455
558	203	90345810	0	1553	456
559	203	90345810	0	1553	457
560	203	90345810	0	1553	458
561	203	90345810	0	1553	459
562	203	90345810	0	1553	460
563	203	90345810	0	1553	461
564	203	90345810	0	1553	462
565	203	90345810	0	1553	463
566	203	90345810	0	1553	464
567	203	90345810	0	1553	465
568	203	90345810	0	1553	466
569	203	90345810	0	1553	467
570	203	90345810	0	1553	468
571	203	90345810	0	1553	469
572	203	90345810	0	1553	470
573	203	90345810	0	1553	471
574	203	90345810	0	1553	472
575	203	90345810	0	1553	473
576	203	90345810	0	1553	474
577	203	90345810	0	1553	475
578	203	90345810	0	1553	476
579	203	90345810	0	1553	477
580	203	90345810	0	1553	478
581	203	90345810	0	1553	479
582	203	90345810	0	1553	480
583	203	90345810	0	1553	481
584	203	90345810	0	1553	482
585	203	90345810	0	1553	483
586	203	90345810	0	1553	484
587	203	90345810	0	1553	485
588	203	90345810	0	1553	486
589	203	90345810	0	1553	487
590	203	90345810	0	1553	488
591	203	90345810	0	1553	489
592	203	90345810	0	1553	490
593	203	90345810	0	1553	491
594	203	90345810	0	1553	492
595	203	90345810	0	1553	493
596	203	90345810	0	1553	494
597	203	90345810	0	1553	495
598	203	90345810	0	1553	496
599	203	90345810	0	1553	497
600	203	90345810	0	1553	498
601	203	90345810	0	1553	499
602	203	90345810	0	1553	500
603	203	90345810	0	1553	501
604	203	90345810	0	1553	502
605	203	90345810	0	1553	503
606	203	90345810	0	1553	504
607	203	90345810	0	1553	505
608	203	90345810	0	1553	506
609	203	90345810	0	1553	507
610	203	90345810	0	1553	508
611	203	90345810	0	1553	509
612	203	90345810	0	1553	510
613	203	90345810	0	1553	511
614	203	90345810	0	1553	512
615	203	90345810	0	1553	513
616	203	90345810	0	1553	514
617	203	90345810	0	1553	515
618	203	90345810	0	1553	516
619	203	90345810	0	1553	517
620	203	90345810	0	1553	518
621	203	90345810	0	1553	519
622	203	90345810	0	1553	520
623	203	90345810	0	1553	521
624	203	90345810	0	1553	522
625	203	90345810	0	1553	523
626	203	90345810	0	1553	524
627	203	90345810	0	1553	525
628	203	90345810	0	1553	526
629	203	90345810	0	1553	527
630	203	90345810	0	1553	528
631	203	90345810	0	1553	529
632	203	90345810	0	1553	530
633	203	90345810	0	1553	531
634	203	90345810	0	1553	532
635	203	90345810	0	1553	533
636	203	90345810	0	1553	534
637	203	90345810	0	1553	535
638	203	90345810	0	1553	536
639	203	90345810	0	1553	537
640	203	90345810	0	1553	538
641	203	90345810	0	1553	539
642	203	90345810	0	1553	540
643	203	90345810	0	1553	541
644	203	90345810	0	1553	542
645	203	90345810	0	1553	543
646	203	90345810	0	1553	544
647	203	90345810	0	1553	545
648	203	90345810	0	1553	546
649	203	90345810	0	1553	547
650	203	90345810	0	1553	548
651	203	90345810	0	1553	549
652	203	90345810	0	1553	550
653	203	90345810	0	1553	551
654	203	90345810	0	1553	552
655	203	90345810	0	1553	553
656	203	90345810	0	1553	554
657	203	90345810	0	1553	555
658	203	90345810	0	1553	556
659	203	90345810	0	1553	557
660	203	90345810	0	1553	558
661	203	90345810	0	1553	559
662	203	90345810	0	1553	560
663	203	90345810	0	1553	561
664	203	90345810	0	1553	562
665	203	90345810	0	1553	563
666	203	90345810	0	1553	564
667	203	90345810	0	1553	565
668	203	90345810	0	1553	566
669	203	90345810	0	1553	567
670	203	90345810	0	1553	568
671	203	90345810	0	1553	569
672	203	90345810	0	1553	570
673	203	90345810	0	1553	571
674	203	90345810	0	1553	572
675	203	90345810	0	1553	573
676	203	90345810	0	1553	574
677	203	90345810	0	1553	575
678	203	90345810	0	1553	576
679	203	90345810	0	1553	577
680	203	90345810	0	1553	578
681	203	90345810	0	1553	579
682	203	90345810	0	1553	580
683	203	90345810	0	1553	581
684	203	90345810	0	1553	582
685	203	90345810	0	1553	583
686	203	90345810	0	1553	584
687	203	90345810	0	1553	585
688	203	90345810	0	1553	586
689	203	90345810	0	1553	587
690	203	90345810	0	1553	588
691	203	90345810	0	1553	589
692	203	90345810	0	1553	590
693	203	90345810	0	1553	591
694	203	90345810	0	1553	592
695	203	90345810	0	1553	593
696	203	90345810	0	1553	594
697	203	90345810	0	1553	595
698	203	90345810	0	1553	596
699	203	90345810	0	1553	597
700	203	90345810	0	1553	598
701	203	90345810	0	1553	599
702	203	90345810	0	1553	600
703	203	90345810	0	1553	601
704	203	90345810	0	1553	602
705	203	90345810	0	1553	603
706	203	90345810	0	1553	604
707	203	90345810	0	1553	605
708	203	90345810	0	1553	606
709	203	90345810	0	1553	607
710	203	90345810	0	1553	608
711	203	90345810	0	1553	609
712	203	90345810	0	1553	610
713	203	90345810	0	1553	611
714	203	90345810	0	1553	612
715	203	90345810	0	1553	613
716	203	90345810	0	1553	614
717	203	90345810	0	1553	615
718	203	90345810	0	1553	616
719	203	90345810	0	1553	617
720	203	90345810	0	1553	618
721	203	90345810	0	1553	619
722	203	90345810	0	1553	620
723	203	90345810	0	1553	621
724	203	90345810	0	1553	622
725	203	90345810	0	1553	623
726	203	90345810	0	1553	624
727	203	90345810	0	1553	625
728	203	90345810	0	1553	626
729	203	90345810	0	1553	627
730	203	90345810	0	1553	628
731	203	90345810	0	1553	629
732	203	90345810	0	1553	630
733	203	90345810	0	1553	631
734	203	90345810	0	1553	632
735	203	90345810	0	1553	633
736	203	90345810	0	1553	634
737	203	90345810	0	1553	635
738	203	90345810	0	1553	636
739	203	90345810	0	1553	637
740	203	90345810	0	1553	638
741	203	90345810	0	1553	639
742	203	90345810	0	1553	640
743	203	90345810	0	1553	641
744	203	90345810	0	1553	642
745	203	90345810	0	1553	643
746	203	90345810	0	1553	644
747	203	90345810	0	1553	645
748	203	90345810	0	1553	646
749	203	90345810	0	1553	647
750	203	90345810	0	1553	648
751	203	90345810	0	1553	649
752	203	90345810	0	1553	650
753	203	90345810	0	1553	651
754	203	90345810	0	1553	652
755	203	90345810	0	1553	653
756	203	90345810	0	1553	654
757	203	90345810	0	1553	655
758	203	90345810	0	1553	656
759	203	90345810	0	1553	657
760	203	90345810	0	1553	658
761	203	90345810	0	1553	659
762	203	90345810	0	1553	660
763	203	90345810	0	1553	661
764	203	90345810	0	1553	662
765	203	90345810	0	1553	663
766	203	90345810	0	1553	664
767	203	90345810	0	1553	665
768	203	90345810	0	1553	666
769	203	90345810	0	1553	667
770	203	90345810	0	1553	668
771	203	90345810	0	1553	669
772	203	90345810	0	1553	670
773	203	90345810	0	1553	671
774	203	90345810	0	1553	672
775	203	90345810	0	1553	673
776	203	90345810	0	1553	674
777	203	90345810	0	1553	675
778	203	90345810	0	1553	676
779	203	90345810	0	1553	677
780	203	90345810	0	1553	678
781	203	90345810	0	1553	679
782	203	90345810	0	1553	680
783	203	90345810	0	1553	681
784	203	90345810	0	1553	682
785	203	90345810	0	1553	683
786	203	90345810	0	1553	684
787	203	90345810	0	1553	685
788	203	90345810	0	1553	686
789	203	90345810	0	1553	687
790	203	90345810	0	1553	688
791	203	90345810	0	1553	689
792	203	90345810	0	1553	690
793	203	90345810	0	1553	691
794	203	90345810	0	1553	692
795	203	90345810	0	1553	693
796	203	90345810	0	1553	694
797	203	90345810	0	1553	695
798	203	90345810	0	1553	696
799	203	90345810	0	1553	697
800	203	90345810	0	1553	698
801	203	90345810	0	1553	699
802	203	90345810	0	1553	700
803	203	90345810	0	1553	701
804	203	90345810	0	1553	702
805	203	90345810	0	1553	703
806	203	90345810	0	1553	704
807	203	90345810	0	1553	705
808	203	90345810	0	1553	706
809	203	90345810	0	1553	707
810	203	90345810	0	1553	708
811	203	90345810	0	1553	709
812	203	90345810	0	1553	710
813	203	90345810	0	1553	711
814	203	90345810	0	1553	712
815	203	90345810	0	1553	713
816	203	90345810	0	1553	714
817	203	90345810	0	1553	715
818	203	90345810	0	1553	716
819	203	90345810	0	1553	717
820	203	90345810	0	1553	718
821	203	90345810	0	1553	719
822	203	90345810	0	1553	720
823	203	90345810	0	1553	721
824	203	90345810	0	1553	722
825	203	90345810	0	1553	723
826	203	90345810	0	1553	724
827	203	90345810	0	1553	725
828	203	90345810	0	1553	726
829	203	90345810	0	1553	727
830	203	90345810	0	1553	728
831	203	90345810	0	1553	729
832	203	90345810	0	1553	730
833	203	90345810	0	1553	731
834	203	90345810	0	1553	732
835	203	90345810	0	1553	733
836	203	90345810	0	1553	734
837	203	90345810	0	1553	735
838	203	90345810	0	1553	736
839	203	90345810	0	1553	737
840	203	90345810	0	1553	738
841	203	90345810	0	1553	739
842	203	90345810	0	1553	740
843	203	90345810	0	1553	741
844	203	90345810	0	1553	742
845	203	90345810	0	1553	743
846	203	90345810	0	1553	744
847	203	90345810	0	1553	745
848	203	90345810	0	1553	746
849	203	90345810	0	1553	747
850	203	90345810	0	1553	748
851	203	90345810	0	1553	749
852	203	90345810	0	1553	750
853	203	90345810	0	1553	751
854	203	90345810	0	1553	752
855	203	90345810	0	1553	753
856	203	90345810	0	1553	754
857	203	90345810	0	1553	755
858	203	90345810	0	1553	756
859	203	90345810	0	1553	757
860	203	90345810	0	1553	758
861	203	90345810	0	1553	759
862	203	90345810	0	1553	760
863	203	90345810	0	1553	761
864	203	90345810	0	1553	762
865	203	90345810	0	1553	763
866	203	90345810	0	1553	764
867	203	90345810	0	1553	765
868	203	90345810	0	1553	766
869	203	90345810	0	1553	767
870	203	90345810	0	1553	768
871	203	90345810	0	1553	769
872	203	90345810	0	1553	770
873	203	90345810	0	1553	771
874	203	90345810	0	1553	772
875	203	90345810	0	1553	773
876	203	90345810	0	1553	774
877	203	90345810	0	1553	775
878	203	90345810	0	1553	776
879	203	90345810	0	1553	777
880	203	90345810	0	1553	778
881	203	90345810	0	1553	779
882	203	90345810	0	1553	780
883	203	90345810	0	1553	781
884	203	90345810	0	1553	782
885	203	90345810	0	1553	783
886	203	90345810	0	1553	784
887	203	90345810	0	1553	785
888	203	90345810	0	1553	786
889	203	90345810	0	1553	787
890	203	90345810	0	1553	788
891	203	90345810	0	1553	789
892	203	90345810	0	1553	790
893	203	90345810	0	1553	791
894	203	90345810	0	1553	792
895	203	90345810	0	1553	793
896	203	90345810	0	1553	794
897	203	90345810	0	1553	795
898	203	90345810	0	1553	796
899	203	90345810	0	1553	797
900	203	90345810	0	1553	798
901	203	90345810	0	1553	799
902	203	90345810	0	1553	800
903	203	90345810	0	1553	801
904	203	90345810	0	1553	802
905	203	90345810	0	1553	803
906	203	90345810	0	1553	804
907	203	90345810	0	1553	805
908	203	90345810	0	1553	806
909	203	90345810	0	1553	807
910	203	90345810	0	1553	808
911	203	90345810	0	1553	809
912	203	90345810	0	1553	810
913	203	90345810	0	1553	811
914	203	90345810	0	1553	812
915	203	90345810	0	1553	813
916	203	90345810	0	1553	814
917	203	90345810	0	1553	815
918	203	90345810	0	1553	816
919	203	90345810	0	1553	817
920	203	90345810	0	1553	818
921	203	90345810	0	1553	819
922	203	90345810	0	1553	820
923	203	90345810	0	1553	821
924	203	90345810	0	1553	822
925	203	90345810	0	1553	823
926	203	90345810	0	1553	824
927	203	90345810	0	1553	825
928	203	90345810	0	1553	826
929	203	90345810	0	1553	827
930	203	90345810	0	1553	828
931	203	90345810	0	1553	829
932	203	90345810	0	1553	830
933	203	90345810	0	1553	831
934	203	90345810	0	1553	832
935	203	90345810	0	1553	833
936	203	90345810	0	1553	834
937	203	90345810	0	1553	835
938	203	90345810	0	1553	836
939	203	90345810	0	1553	837
940	203	90345810	0	1553	838
941	203	90345810	0	1553	839
942	203	90345810	0	1553	840
943	203	90345810	0	1553	841
944	203	90345810	0	1553	842
945	203	90345810	0	1553	843
946	203	90345810	0	1553	844
947	203	90345810	0	1553	845
948	203	90345810	0	1553	846
949	203	90345810	0	1553	847
950	203	90345810	0	1553	848
951	203	90345810	0	1553	849
952	203	90345810	0	1553	850
953	203	90345810	0	1553	851
954	203	90345810	0	1553	852
955	203	90345810	0	1553	853
956	203	90345810	0	1553	854
957	203	90345810	0	1553	855
958	203	90345810	0	1553	856
959	203	90345810	0	1553	857
960	203	90345810	0	1553	858
961	203	90345810	0	1553	859
962	203	90345810	0	1553	860
963	203	90345810	0	1553	861
964	203	90345810	0	1553	862
965	203	90345810	0	1553	863
966	203	90345810	0	1553	864
967	203	90345810	0	1553	865
968	203	90345810	0	1553	866
969	203	90345810	0	1553	867
970	203	90345810	0	1553	868
971	203	90345810	0	1553	869
972	203	90345810	0	1553	870
973	203	90345810	0	1553	871
974	203	90345810	0	1553	872
975	203	90345810	0	1553	873
976	203	90345810	0	1553	874
977	203	90345810	0	1553	875
978	203	90345810	0	1553	876
979	203	90345810	0	1553	877
980	203	90345810	0	1553	878
981	203	90345810	0	1553	879
982	203	90345810	0	1553	880
983	203	90345810	0	1553	881
984	203	90345810	0	1553	882
985	203	90345810	0	1553	883
986	203	90345810	0	1553	884
987	203	90345810	0	1553	885
988	203	90345810	0	1553	886
989	203	90345810	0	1553	887
990	203	90345810	0	1553	888
991	203	90345810	0	1553	889
992	203	90345810	0	1553	890
993	203	90345810	0	1553	891
994	203	90345810	0	1553	892
995	203	90345810	0	1553	893
996	203	90345810	0	1553	894
997	203	90345810	0	1553	895
998	203	90345810	0	1553	896
999	203	90345810	0	1553	897
1000	203	90345810	0	1553	898
1001	203	90345810	0	1553	899
1002	203	90345810	0	1553	900
1003	203	90345810	0	1553	901
1004	203	90345810	0	1553	902
1005	203	90345810	0	1553	903
1006	203	90345810	0	1553	904
1007	203	90345810	0	1553	905
1008	203	90345810	0	1553	906
1009	203	90345810	0	1553	907
1010	203	90345810	0	1553	908
1011	203	90345810	0	1553	909
1012	203	90345810	0	1553	910
1013	203	90345810	0	1553	911
1014	203	90345810	0	1553	912
1015	203	90345810	0	1553	913
1016	203	90345810	0	1553	914
1017	203	90345810	0	1553	915
1018	203	90345810	0	1553	916
1019	203	90345810	0	1553	917
1020	203	90345810	0	1553	918
1021	203	90345810	0	1553	919
1022	203	90345810	0	1553	920
1023	203	90345810	0	1553	921
1024	203	90345810	0	1553	922
1025	203	90345810	0	1553	923
1026	203	90345810	0	1553	924
1027	203	90345810	0	1553	925
1028	203	90345810	0	1553	926
1029	203	90345810	0	1553	927
1030	203	90345810	0	1553	928
1031	203	90345810	0	1553	929
1032	203	90345810	0	1553	930
1033	203	90345810	0	1553	931
1034	203	90345810	0	1553	932
1035	203	90345810	0	1553	933
1036	203	90345810	0	1553	934
1037	203	90345810	0	1553	935
1038	203	90345810	0	1553	936
1039	203	90345810	0	1553	937
1040	203	90345810	0	1553	938
1041	203	90345810	0	1553	939
1042	203	90345810	0	1553	940
1043	203	90345810	0	1553	941
1044	203	90345810	0	1553	942
1045	203	90345810	0	1553	943
1046	203	90345810	0	1553	944
1047	203	90345810	0	1553	945
1048	203	90345810	0	1553	946
1049	203	90345810	0	1553	947
1050	203	90345810	0	1553	948
1051	203	90345810	0	1553	949
1052	203	90345810	0	1553	950
1053	203	90345810	0	1553	951
1054	203	90345810	0	1553	952
1055	203	90345810	0	1553	953
1056	203	90345810	0	1553	954
1057	203	90345810	0	1553	955
1058	203	90345810	0	1553	956
1059	203	90345810	0	1553	957
1060	203	90345810	0	1553	958
1061	203	90345810	0	1553	959
1062	203	90345810	0	1553	960
1063	203	90345810	0	1553	961
1064	203	90345810	0	1553	962
1065	203	90345810	0	1553	963
1066	203	90345810	0	1553	964
1067	203	90345810	0	1553	965
1068	203	90345810	0	1553	966
1069	203	90345810	0	1553	967
1070	203	90345810	0	1553	968
1071	203	90345810	0	1553	969
1072	203	90345810	0	1553	970
1073	203	90345810	0	1553	971
1074	203	90345810	0	1553	972
1075	203	90345810	0	1553	973
1076	203	90345810	0	1553	974
1077	203	90345810	0	1553	975
1078	203	90345810	0	1553	976
1079	203	90345810	0	1553	977
1080	203	90345810	0	1553	978
1081	203	90345810	0	1553	979
1082	203	90345810	0	1553	980
1083	203	90345810	0	1553	981
1084	203	90345810	0	1553	982
1085	203	90345810	0	1553	983
1086	203	90345810	0	1553	984
1087	203	90345810	0	1553	985
1088	203	90345810	0	1553	986
1089	203	90345810	0	1553	987
1090	203	90345810	0	1553	988
1091	203	90345810	0	1553	989
1092	203	90345810	0	1553	990
1093	203	90345810	0	1553	991
1094	203	90345810	0	1553	992
1095	203	90345810	0	1553	993
1096	203	90345810	0	1553	994
1097	203	90345810	0	1553	995
1098	203	90345810	0	1553	996
1099	203	90345810	0	1553	997
1100	203	90345810	0	1553	998
1101	203	90345810	0	1553	999
1102	203	90345810	0	1553	1000
1103	203	90345810	0	1553	1001
1104	203	90345810	0	1553	1002
1105	203	90345810	0	1553	1003
1106	203	90345810	0	1553	1004
1107	203	90345810	0	1553	1005
1108	203	90345810	0	1553	1006
1109	203	90345810	0	1553	1007
1110	203	90345810	0	1553	1008
1111	203	90345810	0	1553	1009
1112	203	90345810	0	1553	1010
1113	203	90345810	0	1553	1011
1114	203	90345810	0	1553	1012
1115	203	90345810	0	1553	1013
1116	203	90345810	0	1553	1014
1117	203	90345810	0	1553	1015
1118	203	90345810	0	1553	1016
1119	203	90345810	0	1553	1017
1120	203	90345810	0	1553	1018
1121	203	90345810	0	1553	1019
1122	203	90345810	0	1553	1020
1123	203	90345810	0	1553	1021
1124	203	90345810	0	1553	1022
1125	203	90345810	0	1553	1023
1126	203	90345810	0	1553	1024
1127	203	90345810	0	1553	1025
1128	203	90345810	0	1553	1026
1129	203	90345810	0	1553	1027
1130	203	90345810	0	1553	1028
1131	203	90345810	0	1553	1029
1132	203	90345810	0	1553	1030
1133	203	90345810	0	1553	1031
1134	203	90345810	0	1553	1032
1135	203	90345810	0	1553	1033
1136	203	90345810	0	1553	1034
1137	203	90345810	0	1553	1035
1138	203	90345810	0	1553	1036
1139	203	90345810	0	1553	1037
1140	203	90345810	0	1553	1038
1141	203	90345810	0	1553	1039
1142	203	90345810	0	1553	1040
1143	203	90345810	0	1553	1041
1144	203	90345810	0	1553	1042
1145	203	90345810	0	1553	1043
1146	203	90345810	0	1553	1044
1147	203	90345810	0	1553	1045
1148	203	90345810	0	1553	1046
1149	203	90345810	0	1553	1047
1150	203	90345810	0	1553	1048
1151	203	90345810	0	1553	1049
1152	203	90345810	0	1553	1050
1153	203	90345810	0	1553	1051
1154	203	90345810	0	1553	1052
1155	203	90345810	0	1553	1053
1156	203	90345810	0	1553	1054
1157	203	90345810	0	1553	1055
1158	203	90345810	0	1553	1056
1159	203	90345810	0	1553	1057
1160	203	90345810	0	1553	1058
1161	203	90345810	0	1553	1059
1162	203	90345810	0	1553	1060
1163	203	90345810	0	1553	1061
1164	203	90345810	0	1553	1062
1165	203	90345810	0	1553	1063
1166	203	90345810	0	1553	1064
1167	203	90345810	0	1553	1065
1168	203	90345810	0	1553	1066
1169	203	90345810	0	1553	1067
1170	203	90345810	0	1553	1068
1171	203	90345810	0	1553	1069
1172	203	90345810	0	1553	1070
1173	203	90345810	0	1553	1071
1174	203	90345810	0	1553	1072
1175	203	90345810	0	1553	1073
1176	203	90345810	0	1553	1074
1177	203	90345810	0	1553	1075
1178	203	90345810	0	1553	1076
1179	203	90345810	0	1553	1077
1180	203	90345810	0	1553	1078
1181	203	90345810	0	1553	1079
1182	203	90345810	0	1553	1080
1183	203	90345810	0	1553	1081
1184	203	90345810	0	1553	1082
1185	203	90345810	0	1553	1083
1186	203	90345810	0	1553	1084
1187	203	90345810	0	1553	1085
1188	203	90345810	0	1553	1086
1189	203	90345810	0	1553	1087
1190	203	90345810	0	1553	1088
1191	203	90345810	0	1553	1089
1192	203	90345810	0	1553	1090
1193	203	90345810	0	1553	1091
1194	203	90345810	0	1553	1092
1195	203	90345810	0	1553	1093
1196	203	90345810	0	1553	1094
1197	203	90345810	0	1553	1095
1198	203	90345810	0	1553	1096
1199	203	90345810	0	1553	1097
1200	203	90345810	0	1553	1098
1201	203	90345810	0	1553	1099
1202	203	90345810	0	1553	1100
1203	203	90345810	0	1553	1101
1204	203	90345810	0	1553	1102
1205	203	90345810	0	1553	1103
1206	203	90345810	0	1553	1104
1207	203	90345810	0	1553	1105
1208	203	90345810	0	1553	1106
1209	203	90345810	0	1553	1107
1210	203	90345810	0	1553	1108
1211	203	90345810	0	1553	1109
1212	203	90345810	0	1553	1110
1213	203	90345810	0	1553	1111
1214	203	90345810	0	1553	1112
1215	203	90345810	0	1553	1113
1216	203	90345810	0	1553	1114
1217	203	90345810	0	1553	1115
1218	203	90345810	0	1553	1116
1219	203	90345810	0	1553	1117
1220	203	90345810	0	1553	1118
1221	203	90345810	0	1553	1119
1222	203	90345810	0	1553	1120
1223	203	90345810	0	1553	1121
1224	203	90345810	0	1553	1122
1225	203	90345810	0	1553	1123
1226	203	90345810	0	1553	1124
1227	203	90345810	0	1553	1125
1228	203	90345810	0	1553	1126
1229	203	90345810	0	1553	1127
1230	203	90345810	0	1553	1128
1231	203	90345810	0	1553	1129
1232	203	90345810	0	1553	1130
1233	203	90345810	0	1553	1131
1234	203	90345810	0	1553	1132
1235	203	90345810	0	1553	1133
1236	203	90345810	0	1553	1134
1237	203	90345810	0	1553	1135
1238	203	90345810	0	1553	1136
1239	203	90345810	0	1553	1137
1240	203	90345810	0	1553	1138
1241	203	90345810	0	1553	1139
1242	203	90345810	0	1553	1140
1243	203	90345810	0	1553	1141
1244	203	90345810	0	1553	1142
1245	203	90345810	0	1553	1143
1246	203	90345810	0	1553	1144
1247	203	90345810	0	1553	1145
1248	203	90345810	0	1553	1146
1249	203	90345810	0	1553	1147
1250	203	90345810	0	1553	1148
1251	203	90345810	0	1553	1149
1252	203	90345810	0	1553	1150
1253	203	90345810	0	1553	1151
1254	203	90345810	0	1553	1152
1255	203	90345810	0	1553	1153
1256	203	90345810	0	1553	1154
1257	203	90345810	0	1553	1155
1258	203	90345810	0	1553	1156
1259	203	90345810	0	1553	1157
1260	203	90345810	0	1553	1158
1261	203	90345810	0	1553	1159
1262	203	90345810	0	1553	1160
1263	203	90345810	0	1553	1161
1264	203	90345810	0	1553	1162
1265	203	90345810	0	1553	1163
1266	203	90345810	0	1553	1164
1267	203	90345810	0	1553	1165
1268	203	90345810	0	1553	1166
1269	203	90345810	0	1553	1167
1270	203	90345810	0	1553	1168
1271	203	90345810	0	1553	1169
1272	203	90345810	0	1553	1170
1273	203	90345810	0	1553	1171
1274	203	90345810	0	1553	1172
1275	203	90345810	0	1553	1173
1276	203	90345810	0	1553	1174
1277	203	90345810	0	1553	1175
1278	203	90345810	0	1553	1176
1279	203	90345810	0	1553	1177
1280	203	90345810	0	1553	1178
1281	203	90345810	0	1553	1179
1282	203	90345810	0	1553	1180
1283	203	90345810	0	1553	1181
1284	203	90345810	0	1553	1182
1285	203	90345810	0	1553	1183
1286	203	90345810	0	1553	1184
1287	203	90345810	0	1553	1185
1288	203	90345810	0	1553	1186
1289	203	90345810	0	1553	1187
1290	203	90345810	0	1553	1188
1291	203	90345810	0	1553	1189
1292	203	90345810	0	1553	1190
1293	203	90345810	0	1553	1191
1294	203	90345810	0	1553	1192
1295	203	90345810	0	1553	1193
1296	203	90345810	0	1553	1194
1297	203	90345810	0	1553	1195
1298	203	90345810	0	1553	1196
1299	203	90345810	0	1553	1197
1300	203	90345810	0	1553	1198
1301	203	90345810	0	1553	1199
1302	203	90345810	0	1553	1200
1303	203	90345810	0	1553	1201
1304	203	90345810	0	1553	1202
1305	203	90345810	0	1553	1203
1306	203	90345810	0	1553	1204
1307	203	90345810	0	1553	1205
1308	203	90345810	0	1553	1206
1309	203	90345810	0	1553	1207
1310	203	90345810	0	1553	1208
1311	203	90345810	0	1553	1209
1312	203	90345810	0	1553	1210
1313	203	90345810	0	1553	1211
1314	203	90345810	0	1553	1212
1315	203	90345810	0	1553	1213
1316	203	90345810	0	1553	1214
1317	203	90345810	0	1553	1215
1318	203	90345810	0	1553	1216
1319	203	90345810	0	1553	1217
1320	203	90345810	0	1553	1218
1321	203	90345810	0	1553	1219
1322	203	90345810	0	1553	1220
1323	203	90345810	0	1553	1221
1324	203	90345810	0	1553	1222
1325	203	90345810	0	1553	1223
1326	203	90345810	0	1553	1224
1327	203	90345810	0	1553	1225
1328	203	90345810	0	1553	1226
1329	203	90345810	0	1553	1227
1330	203	90345810	0	1553	1228
1331	203	90345810	0	1553	1229
1332	203	90345810	0	1553	1230
1333	203	90345810	0	1553	1231
1334	203	90345810	0	1553	1232
1335	203	90345810	0	1553	1233
1336	203	90345810	0	1553	1234
1337	203	90345810	0	1553	1235
1338	203	90345810	0	1553	1236
1339	203	90345810	0	1553	1237
1340	203	90345810	0	1553	1238
1341	203	90345810	0	1553	1239
1342	203	90345810	0	1553	1240
1343	203	90345810	0	1553	1241
1344	203	90345810	0	1553	1242
1345	203	90345810	0	1553	1243
1346	203	90345810	0	1553	1244
1347	203	90345810	0	1553	1245
1348	203	90345810	0	1553	1246
1349	203	90345810	0	1553	1247
1350	203	90345810	0	1553	1248
1351	203	90345810	0	1553	1249
1352	203	90345810	0	1553	1250
1353	203	90345810	0	1553	1251
1354	203	90345810	0	1553	1252
1355	203	90345810	0	1553	1253
1356	203	90345810	0	1553	1254
1357	203	90345810	0	1553	1255
1358	203	90345810	0	1553	1256
1359	203	90345810	0	1553	1257
1360	203	90345810	0	1553	1258
1361	203	90345810	0	1553	1259
1362	203	90345810	0	1553	1260
1363	203	90345810	0	1553	1261
1364	203	90345810	0	1553	1262
1365	203	90345810	0	1553	1263
1366	203	90345810	0	1553	1264
1367	203	90345810	0	1553	1265
1368	203	90345810	0	1553	1266
1369	203	90345810	0	1553	1267
1370	203	90345810	0	1553	1268
1371	203	90345810	0	1553	1269
1372	203	90345810	0	1553	1270
1373	203	90345810	0	1553	1271
1374	203	90345810	0	1553	1272
1375	203	90345810	0	1553	1273
1376	203	90345810	0	1553	1274
1377	203	90345810	0	1553	1275
1378	203	90345810	0	1553	1276
1379	203	90345810	0	1553	1277
1380	203	90345810	0	1553	1278
1381	203	90345810	0	1553	1279
1382	203	90345810	0	1553	1280
1383	203	90345810	0	1553	1281
1384	203	90345810	0	1553	1282
1385	203	90345810	0	1553	1283
1386	203	90345810	0	1553	1284
1387	203	90345810	0	1553	1285
1388	203	90345810	0	1553	1286
1389	203	90345810	0	1553	1287
1390	203	90345810	0	1553	1288
1391	203	90345810	0	1553	1289
1392	203	90345810	0	1553	1290
1393	203	90345810	0	1553	1291
1394	203	90345810	0	1553	1292
1395	203	90345810	0	1553	1293
1396	203	90345810	0	1553	1294
1397	203	90345810	0	1553	1295
1398	203	90345810	0	1553	1296
1399	203	90345810	0	1553	1297
1400	203	90345810	0	1553	1298
1401	203	90345810	0	1553	1299
1402	203	90345810	0	1553	1300
1403	203	90345810	0	1553	1301
1404	203	90345810	0	1553	1302
1405	203	90345810	0	1553	1303
1406	203	90345810	0	1553	1304
1407	203	90345810	0	1553	1305
1408	203	90345810	0	1553	1306
1409	203	90345810	0	1553	1307
1410	203	90345810	0	1553	1308
1411	203	90345810	0	1553	1309
1412	203	90345810	0	1553	1310
1413	203	90345810	0	1553	1311
1414	203	90345810	0	1553	1312
1415	203	90345810	0	1553	1313
1416	203	90345810	0	1553	1314
1417	203	90345810	0	1553	1315
1418	203	90345810	0	1553	1316
1419	203	90345810	0	1553	1317
1420	203	90345810	0	1553	1318
1421	203	90345810	0	1553	1319
1422	203	90345810	0	1553	1320
1423	203	90345810	0	1553	1321
1424	203	90345810	0	1553	1322
1425	203	90345810	0	1553	1323
1426	203	90345810	0	1553	1324
1427	203	90345810	0	1553	1325
1428	203	90345810	0	1553	1326
1429	203	90345810	0	1553	1327
1430	203	90345810	0	1553	1328
1431	203	90345810	0	1553	1329
1432	203	90345810	0	1553	1330
1433	203	90345810	0	1553	1331
1434	203	90345810	0	1553	1332
1435	203	90345810	0	1553	1333
1436	203	90345810	0	1553	1334
1437	203	90345810	0	1553	1335
1438	203	90345810	0	1553	1336
1439	203	90345810	0	1553	1337
1440	203	90345810	0	1553	1338
1441	203	90345810	0	1553	1339
1442	203	90345810	0	1553	1340
1443	203	90345810	0	1553	1341
1444	203	90345810	0	1553	1342
1445	203	90345810	0	1553	1343
1446	203	90345810	0	1553	1344
1447	203	90345810	0	1553	1345
1448	203	90345810	0	1553	1346
1449	203	90345810	0	1553	1347
1450	203	90345810	0	1553	1348
1451	203	90345810	0	1553	1349
1452	203	90345810	0	1553	1350
1453	203	90345810	0	1553	1351
1454	203	90345810	0	1553	1352
1455	203	90345810	0	1553	1353
1456	203	90345810	0	1553	1354
1457	203	90345810	0	1553	1355
1458	203	90345810	0	1553	1356
1459	203	90345810	0	1553	1357
1460	203	90345810	0	1553	1358
1461	203	90345810	0	1553	1359
1462	203	90345810	0	1553	1360
1463	203	90345810	0	1553	1361
1464	203	90345810	0	1553	1362
1465	203	90345810	0	1553	1363
1466	203	90345810	0	1553	1364
1467	203	90345810	0	1553	1365
1468	203	90345810	0	1553	1366
1469	203	90345810	0	1553	1367
1470	203	90345810	0	1553	1368
1471	203	90345810	0	1553	1369
1472	203	90345810	0	1553	1370
1473	203	90345810	0	1553	1371
1474	203	90345810	0	1553	1372
1475	203	90345810	0	1553	1373
1476	203	90345810	0	1553	1374
1477	203	90345810	0	1553	1375
1478	203	90345810	0	1553	1376
1479	203	90345810	0	1553	1377
1480	203	90345810	0	1553	1378
1481	203	90345810	0	1553	1379
1482	203	90345810	0	1553	1380
1483	203	90345810	0	1553	1381
1484	203	90345810	0	1553	1382
1485	203	90345810	0	1553	1383
1486	203	90345810	0	1553	1384
1487	203	90345810	0	1553	1385
1488	203	90345810	0	1553	1386
1489	203	90345810	0	1553	1387
1490	203	90345810	0	1553	1388
1491	203	90345810	0	1553	1389
1492	203	90345810	0	1553	1390
1493	203	90345810	0	1553	1391
1494	203	90345810	0	1553	1392
1495	203	90345810	0	1553	1393
1496	203	90345810	0	1553	1394
1497	203	90345810	0	1553	1395
1498	203	90345810	0	1553	1396
1499	203	90345810	0	1553	1397
1500	203	90345810	0	1553	1398
1501	203	90345810	0	1553	1399
1502	203	90345810	0	1553	1400
1503	203	90345810	0	1553	1401
1504	203	90345810	0	1553	1402
1505	203	90345810	0	1553	1403
1506	203	90345810	0	1553	1404
1507	203	90345810	0	1553	1405
1508	203	90345810	0	1553	1406
1509	203	90345810	0	1553	1407
1510	203	90345810	0	1553	1408
1511	203	90345810	0	1553	1409
1512	203	90345810	0	1553	1410
1513	203	90345810	0	1553	1411
1514	203	90345810	0	1553	1412
1515	203	90345810	0	1553	1413
1516	203	90345810	0	1553	1414
1517	203	90345810	0	1553	1415
1518	203	90345810	0	1553	1416
1519	203	90345810	0	1553	1417
1520	203	90345810	0	1553	1418
1521	203	90345810	0	1553	1419
1522	203	90345810	0	1553	1420
1523	203	90345810	0	1553	1421
1524	203	90345810	0	1553	1422
1525	203	90345810	0	1553	1423
1526	203	90345810	0	1553	1424
1527	203	90345810	0	1553	1425
1528	203	90345810	0	1553	1426
1529	203	90345810	0	1553	1427
1530	203	90345810	0	1553	1428
1531	203	90345810	0	1553	1429
1532	203	90345810	0	1553	1430
1533	203	90345810	0	1553	1431
1534	203	90345810	0	1553	1432
1535	203	90345810	0	1553	1433
1536	203	90345810	0	1553	1434
1537	203	90345810	0	1553	1435
1538	203	90345810	0	1553	1436
1539	203	90345810	0	1553	1437
1540	203	90345810	0	1553	1438
1541	203	90345810	0	1553	1439
1542	203	90345810	0	1553	1440
1543	203	90345810	0	1553	1441
1544	203	90345810	0	1553	1442
1545	203	90345810	0	1553	1443
1546	203	90345810	0	1553	1444
1547	203	90345810	0	1553	1445
1548	203	90345810	0	1553	1446
1549	203	90345810	0	1553	1447
1550	203	90345810	0	1553	1448
1551	203	90345810	0	1553	1449
1552	203	90345810	0	1553	1450
1553	203	90345810	0	1553	1451
1554	203	90345810	0	1553	1452
1555	203	90345810	0	1553	1453
1556	203	90345810	0	1553	1454
1557	203	90345810	0	1553	1455
1558	203	90345810	0	1553	1456
1559	203	90345810	0	1553	1457
1560	203	90345810	0	1553	1458
1561	203	90345810	0	1553	1459
1562	203	90345810	0	1553	1460
1563	203	90345810	0	1553	1461
1564	203	90345810	0	1553	1462
1565	203	90345810	0	1553	1463
1566	203	90345810	0	1553	1464
1567	203	90345810	0	1553	1465
1568	203	90345810	0	1553	1466
1569	203	90345810	0	1553	1467
1570	203	90345810	0	1553	1468
1571	203	90345810	0	1553	1469
1572	203	90345810	0	1553	1470
1573	203	90345810	0	1553	1471
1574	203	90345810	0	1553	1472
1575	203	90345810	0	1553	1473
1576	203	90345810	0	1553	1474
1577	203	90345810	0	1553	1475
1578	203	90345810	0	1553	1476
1579	203	90345810	0	1553	1477
1580	203	90345810	0	1553	1478
1581	203	90345810	0	1553	1479
1582	203	90345810	0	1553	1480
1583	203	90345810	0	1553	1481
1584	203	90345810	0	1553	1482
1585	203	90345810	0	1553	1483
1586	203	90345810	0	1553	1484
1587	203	90345810	0	1553	1485
1588	203	90345810	0	1553	1486
1589	203	90345810	0	1553	1487
1590	203	90345810	0	1553	1488
1591	203	90345810	0	1553	1489
1592	203	90345810	0	1553	1490
1593	203	90345810	0	1553	1491
1594	203	90345810	0	1553	1492
1595	203	90345810	0	1553	1493
1596	203	90345810	0	1553	1494
1597	203	90345810	0	1553	1495
1598	203	90345810	0	1553	1496
1599	203	90345810	0	1553	1497
1600	203	90345810	0	1553	1498
1601	203	90345810	0	1553	1499
1602	203	90345810	0	1553	1500
1603	203	90345810	0	1553	1501
1604	203	90345810	0	1553	1502
1605	203	90345810	0	1553	1503
1606	203	90345810	0	1553	1504
1607	203	90345810	0	1553	1505
1608	203	90345810	0	1553	1506
1609	203	90345810	0	1553	1507
1610	203	90345810	0	1553	1508
1611	203	90345810	0	1553	1509
1612	203	90345810	0	1553	1510
1613	203	90345810	0	1553	1511
1614	203	90345810	0	1553	1512
1615	203	90345810	0	1553	1513
1616	203	90345810	0	1553	1514
1617	203	90345810	0	1553	1515
1618	203	90345810	0	1553	1516
1619	203	90345810	0	1553	1517
1620	203	90345810	0	1553	1518
1621	203	90345810	0	1553	1519
1622	203	90345810	0	1553	1520
1623	203	90345810	0	1553	1521
1624	203	90345810	0	1553	1522
1625	203	90345810	0	1553	1523
1626	203	90345810	0	1553	1524
1627	203	90345810	0	1553	1525
1628	203	90345810	0	1553	1526
1629	203	90345810	0	1553	1527
1630	203	90345810	0	1553	1528
1631	203	90345810	0	1553	1529
1632	203	90345810	0	1553	1530
1633	203	90345810	0	1553	1531
1634	203	90345810	0	1553	1532
1635	203	90345810	0	1553	1533
1636	203	90345810	0	1553	1534
1637	203	90345810	0	1553	1535
1638	203	90345810	0	1553	1536
1639	203	90345810	0	1553	1537
1640	203	90345810	0	1553	1538
1641	203	90345810	0	1553	1539
1642	203	90345810	0	1553	1540
1643	203	90345810	0	1553	1541
1644	203	90345810	0	1553	1542
1645	203	90345810	0	1553	1543
1646	203	90345810	0	1553	1544
1647	203	90345810	0	1553	1545
1648	203	90345810	0	1553	1546
1649	203	90345810	0	1553	1547
1650	203	90345810	0	1553	1548
1651	203	90345810	0	1553	1549
1652	203	90345810	0	1553	1550
1653	203	90345810	0	1553	1551
1654	203	90345810	0	1553	1552
1655	203	90345810	0	1553	1553
1656	203	90345810	0	1553	1554
1657	203	90345810	0	1553	1555
1658	203	90345810	0	1553	1556
1659	203	90345810	0	1553	1557
1660	203	90345810	0	1553	1558
1661	203	90345810	0	1553	1559
1662	203	90345810	0	1553	1560
1663	203	90345810	0	1553	1561
1664	203	90345810	0	1553	1562
1665	203	90345810	0	1553	1563
1666	203	90345810	0	1553	1564
1667	203	90345810	0	1553	1565
1668	203	90345810	0	1553	1566
1669	203	90345810	0	1553	1567
1670	203	90345810	0	1553	1568
1671	203	90345810	0	1553	1569
1672	203	90345810	0	1553	1570
1673	203	90345810	0	1553	1571
1674	203	90345810	0	1553	1572
1675	203	90345810	0	1553	1573
1676	203	90345810	0	1553	1574
1677	203	90345810	0	1553	1575
1678	203	90345810	0	1553	1576
1679	203	90345810	0	1553	1577
1680	203	90345810	0	1553	1578
1681	203	90345810	0	1553	1579
1682	203	90345810	0	1553	1580
1683	203	90345810	0	1553	1581
1684	203	90345810	0	1553	1582
1685	203	90345810	0	1553	1583
1686	203	90345810	0	1553	1584
1687	203	90345810	0	1553	1585
1688	203	90345810	0	1553	1586
1689	203	90345810	0	1553	1587
1690	203	90345810	0	1553	1588
1691	203	90345810	0	1553	1589
1692	203	90345810	0	1553	1590
1693	203	90345810	0	1553	1591
1694	203	90345810	0	1553	1592
1695	203	90345810	0	1553	1593
1696	203	90345810	0	1553	1594
1697	203	90345810	0	1553	1595
1698	203	90345810	0	1553	1596
1699	203	90345810	0	1553	1597
1700	203	90345810	0	1553	1598
1701	203	90345810	0	1553	1599
1702	203	90345810	0	1553	1600
1703	203	90345810	0	1553	1601
1704	203	90345810	0	1553	1602
1705	203	90345810	0	1553	1603
1706	203	90345810	0	1553	1604
1707	203	90345810	0	1553	1605
1708	203	90345810	0	1553	1606
1709	203	90345810	0	1553	1607
1710	203	90345810	0	1553	1608
1711	203	90345810	0	1553	1609
1712	203	90345810	0	1553	1610
1713	203	90345810	0	1553	1611
1714	203	90345810	0	1553	1612
1715	203	90345810	0	1553	1613
1716	203	90345810	0	1553	1614
1717	203	90345810	0	1553	1615
1718	203	90345810	0	1553	1616
1719	203	90345810	0	1553	1617
1720	203	90345810	0	1553	1618
1721	203	90345810	0	1553	1619
1722	203	90345810	0	1553	1620
1723	203	90345810	0	1553	1621
1724	203	90345810	0	1553	1622
1725	203	90345810	0	1553	1623
1726	203	90345810	0	1553	1624
1727	203	90345810	0	1553	1625
1728	203	90345810	0	1553	1626
1729	203	90345810	0	1553	1627
1730	203	90345810	0	1553	1628
1731	203	90345810	0	1553	1629
1732	203	90345810	0	1553	1630
1733	203	90345810	0	1553	1631
1734	203	90345810	0	1553	1632
1735	203	90345810	0	1553	1633
1736	203	90345810	0	1553	1634
1737	203	90345810	0	1553	1635
1738	203	90345810	0	1553	1636
1739	203	90345810	0	1553	1637
1740	203	90345810	0	1553	1638
1741	203	90345810	0	1553	1639
1742	203	90345810	0	1553	1640
1743	203	90345810	0	1553	1641
1744	203	90345810	0	1553	1642
1745	203	90345810	0	1553	1643
1746	203	90345810	0	1553	1644
1747	203	90345810	0	1553	1645
1748	203	90345810	0	1553	1646
1749	203	90345810	0	1553	1647
1750	203	90345810	0	1553	1648
1751	203	90345810	0	1553	1649
1752	203	90345810	0	1553	1650
1753	203	90345810	0	1553	1651
1754	203	90345810	0	1553	1652
1755	203	90345810	0	1553	1653
1756	203	90345810	0	1553	1654
1757	203	90345810	0	1553	1655
1758	203	90345810	0	1553	1656
1759	203	90345810	0	1553	1657
1760	203	90345810	0	1553	1658
1761	203	90345810	0	1553	1659
1762	203	90345810	0	1553	1660
1763	203	90345810	0	1553	1661
1764	203	90345810	0	1553	1662
1765	203	90345810	0	1553	1663
1766	203	90345810	0	1553	1664
1767	203	90345810	0	1553	1665
1768	203	90345810	0	1553	1666
1769	203	90345810	0	1553	1667
1770	203	90345810	0	1553	1668
1771	203	90345810	0	1553	1669
1772	203	90345810	0	1553	1670
1773	203	90345810	0	1553	1671
1774	203	90345810	0	1553	1672
1775	203	90345810	0	1553	1673
1776	203	90345810	0	1553	1674
1777	203	90345810	0	1553	1675
1778	203	90345810	0	1553	1676
1779	203	90345810	0	1553	1677
1780	203	90345810	0	1553	1678
1781	203	90345810	0	1553	1679
1782	203	90345810	0	1553	1680
1783	203	90345810	0	1553	1681
1784	203	90345810	0	1553	1682
1785	203	90345810	0	1553	1683
1786	203	90345810	0	1553	1684
1787	203	90345810	0	1553	1685
1788	203	90345810	0	1553	1686
1789	203	90345810	0	1553	1687
1790	203	90345810	0	1553	1688
1791	203	90345810	0	1553	1689
1792	203	90345810	0	1553	1690
1793	203	90345810	0	1553	1691
1794	203	90345810	0	1553	1692
1795	203	90345810	0	1553	1693
1796	203	90345810	0	1553	1694
1797	203	90345810	0	1553	1695
1798	203	90345810	0	1553	1696
1799	203	90345810	0	1553	1697
1800	203	90345810	0	1553	1698
1801	203	90345810	0	1553	1699
1802	203	90345810	0	1553	1700
1803	203	90345810	0	1553	1701
1804	203	90345810	0	1553	1702
1805	203	90345810	0	1553	1703
1806	203	90345810	0	1553	1704
1807	203	90345810	0	1553	1705
1808	203	90345810	0	1553	1706
1809	203	90345810	0	1553	1707
1810	203	90345810	0	1553	1708
1811	203	90345810	0	1553	1709
1812	203	90345810	0	1553	1710
1813	203	90345810	0	1553	1711
1814	203	90345810	0	1553	1712
1815	203	90345810	0	1553	1713
1816	203	90345810	0	1553	1714
1817	203	90345810	0	1553	1715
1818	203	90345810	0	1553	1716
1819	203	90345810	0	1553	1717
1820	203	90345810	0	1553	1718
1821	203	90345810	0	1553	1719
1822	203	90345810	0	1553	1720
1823	203	90345810	0	1553	1721
1824	203	90345810	0	1553	1722
1825	203	90345810	0	1553	1723
1826	203	90345810	0	1553	1724
1827	203	90345810	0	1553	1725
1828	203	90345810	0	1553	1726
1829	203	90345810	0	1553	1727
1830	203	90345810	0	1553	1728
1831	203	90345810	0	1553	1729
1832	203	90345810	0	1553	1730
1833	203	90345810	0	1553	1731
1834	203	90345810	0	1553	1732
1835	203	90345810	0	1553	1733
1836	203	90345810	0	1553	1734
1837	203	90345810	0	1553	1735
1838	203	90345810	0	1553	1736
1839	203	90345810	0	1553	1737
1840	203	90345810	0	1553	1738
1841	203	90345810	0	1553	1739
1842	203	90345810	0	1553	1740
1843	203	90345810	0	1553	1741
1844	203	90345810	0	1553	1742
1845	203	90345810	0	1553	1743
1846	203	90345810	0	1553	1744
1847	203	90345810	0	1553	1745
1848	203	90345810	0	1553	1746
1849	203	90345810	0	1553	1747
1850	203	90345810	0	1553	1748
1851	203	90345810	0	1553	1749
1852	203	90345810	0	1553	1750
1853	203	90345810	0	1553	1751
1854	203	90345810	0	1553	1752
1855	203	90345810	0	1553	1753
1856	203	90345810	0	1553	1754
1857	203	90345810	0	1553	1755
1858	203	90345810	0	1553	1756
1859	203	90345810	0	1553	1757
1860	203	90345810	0	1553	1758
1861	203	90345810	0	1553	1759
1862	203	90345810	0	1553	1760
1863	203	90345810	0	1553	1761
1864	203	90345810	0	1553	1762
1865	203	90345810	0	1553	1763
1866	203	90345810	0	1553	1764
1867	203	90345810	0	1553	1765
1868	203	90345810	0	1553	1766
1869	203	90345810	0	1553	1767
1870	203	90345810	0	1553	1768
1871	203	90345810	0	1553	1769
1872	203	90345810	0	1553	1770
1873	203	90345810	0	1553	1771
1874	203	90345810	0	1553	1772
1875	203	90345810	0	1553	1773
1876	203	90345810	0	1553	1774
1877	203	90345810	0	1553	1775
1878	203	90345810	0	1553	1776
1879	203	90345810	0	1553	1777
1880	203	90345810	0	1553	1778
1881	203	90345810	0	1553	1779
1882	203	90345810	0	1553	1780
1883	203	90345810	0	1553	1781
1884	203	90345810	0	1553	1782
1885	203	90345810	0	1553	1783
1886	203	90345810	0	1553	1784
1887	203	90345810	0	1553	1785
1888	203	90345810	0	1553	1786
1889	203	90345810	0	1553	1787
1890	203	90345810	0	1553	1788
1891	203	90345810	0	1553	1789
1892	203	90345810	0	1553	1790
1893	203	90345810	0	1553	1791
1894	203	90345810	0	1553	1792
1895	203	90345810	0	1553	1793
1896	203	90345810	0	1553	1794
1897	203	90345810	0	1553	1795
1898	203	90345810	0	1553	1796
1899	203	90345810	0	1553	1797
1900	203	90345810	0	1553	1798
1901	203	90345810	0	1553	1799
1902	203	90345810	0	1553	1800
1903	203	90345810	0	1553	1801
1904	203	90345810	0	1553	1802
1905	203	90345810	0	1553	1803
1906	203	90345810	0	1553	1804
1907	203	90345810	0	1553	1805
1908	203	90345810	0	1553	1806
1909	203	90345810	0	1553	1807
1910	203	90345810	0	1553	1808
1911	203	90345810	0	1553	1809
1912	203	90345810	0	1553	1810
1913	203	90345810	0	1553	1811
1914	203	90345810	0	1553	1812
1915	203	90345810	0	1553	1813
1916	203	90345810	0	1553	1814
1917	203	90345810	0	1553	1815
1918	203	90345810	0	1553	1816
1919	203	90345810	0	1553	1817
1920	203	90345810	0	1553	1818
1921	203	90345810	0	1553	1819
1922	203	90345810	0	1553	1820
1923	203	90345810	0	1553	1821
1924	203	90345810	0	1553	1822
1925	203	90345810	0	1553	1823
1926	203	90345810	0	1553	1824
1927	203	90345810	0	1553	1825
1928	203	90345810	0	1553	1826
1929	203	90345810	0	1553	1827
1930	203	90345810	0	1553	1828
1931	203	90345810	0	1553	1829
1932	203	90345810	0	1553	1830
1933	203	90345810	0	1553	1831
1934	203	90345810	0	1553	1832
1935	203	90345810	0	1553	1833
1936	203	90345810	0	1553	1834
1937	203	90345810	0	1553	1835
1938	203	90345810	0	1553	1836
1939	203	90345810	0	1553	1837
1940	203	90345810	0	1553	1838
1941	203	90345810	0	1553	1839
1942	203	90345810	0	1553	1840
1943	203	90345810	0	1553	1841
1944	203	90345810	0	1553	1842
1945	203	90345810	0	1553	1843
1946	203	90345810	0	1553	1844
1947	203	90345810	0	1553	1845
1948	203	90345810	0	1553	1846
1949	203	90345810	0	1553	1847
1950	203	90345810	0	1553	1848
1951	203	90345810	0	1553	1849
1952	203	90345810	0	1553	1850
1953	203	90345810	0	1553	1851
1954	203	90345810	0	1553	1852
1955	203	90345810	0	1553	1853
1956	203	90345810	0	1553	1854
1957	203	90345810	0	1553	1855
1958	203	90345810	0	1553	1856
1959	203	90345810	0	1553	1857
1960	203	90345810	0	1553	1858
1961	203	90345810	0	1553	1859
1962	203	90345810	0	1553	1860
1963	203	90345810	0	1553	1861
1964	203	90345810	0	1553	1862
1965	203	90345810	0	1553	1863
1966	203	90345810	0	1553	1864
1967	203	90345810	0	1553	1865
1968	203	90345810	0	1553	1866
1969	203	90345810	0	1553	1867
1970	203	90345810	0	1553	1868
1971	203	90345810	0	1553	1869
1972	203	90345810	0	1553	1870
1973	203	90345810	0	1553	1871
1974	203	90345810	0	1553	1872
1975	203	90345810	0	1553	1873
1976	203	90345810	0	1553	1874
1977	203	90345810	0	1553	1875
1978	203	90345810	0	1553	1876
1979	203	90345810	0	1553	1877
1980	203	90345810	0	1553	1878
1981	203	90345810	0	1553	1879
1982	203	90345810	0	1553	1880
1983	203	90345810	0	1553	1881
1984	203	90345810	0	1553	1882
1985	203	90345810	0	1553	1883
1986	203	90345810	0	1553	1884
1987	203	90345810	0	1553	1885
1988	203	90345810	0	1553	1886
1989	203	90345810	0	1553	1887
1990	203	90345810	0	1553	1888
1991	203	90345810	0	1553	1889
1992	203	90345810	0	1553	1890
1993	203	90345810	0	1553	1891
1994	203	90345810	0	1553	1892
1995	203	90345810	0	1553	1893
1996	203	90345810	0	1553	1894
1997	203	90345810	0	1553	1895
1998	203	90345810	0	1553	1896
1999	203	90345810	0	1553	1897
2000	203	90345810	0	1553	1898
2001	203	90345810	0	1553	1899
2002	203	90345810	0	1553	1900
2003	203	90345810	0	1553	1901
2004	203	90345810	0	1553	1902
2005	203	90345810	0	1553	1903
2006	203	90345810	0	1553	1904
2007	203	90345810	0	1553	1905
2008	203	90345810	0	1553	1906
2009	203	90345810	0	1553	1907
2010	203	90345810	0	1553	1908
2011	203	90345810	0	1553	1909
2012	203	90345810	0	1553	1910
2013	203	90345810	0	1553	1911
2014	203	90345810	0	1553	1912
2015	203	90345810	0	1553	1913
2016	203	90345810	0	1553	1914
2017	203	90345810	0	1553	1915
2018	203	90345810	0	1553	1916
2019	203	90345810	0	1553	1917
2020	203	90345810	0	1553	1918
2021	203	90345810	0	1553	1919
2022	203	90345810	0	1553	1920
2023	203	90345810	0	1553	1921
2024	203	90345810	0	1553	1922
2025	203	90345810	0	1553	1923
2026	203	90345810	0	1553	1924
2027	203	90345810	0	1553	1925
2028	203	90345810	0	1553	1926
2029	203	90345810	0	1553	1927
2030	203	90345810	0	1553	1928
2031	203	90345810	0	1553	1929
2032	203	90345810	0	1553	1930
2033	203	90345810	0	1553	1931
2034	203	90345810	0	1553	1932
2035	203	90345810	0	1553	1933
2036	203	90345810	0	1553	1934
2037	203	90345810	0	1553	1935
2038	203	90345810	0	1553	1936
2039	203	90345810	0	1553	1937
2040	203	90345810	0	1553	1938
2041	203	90345810	0	1553	1939
2042	203	90345810	0	1553	1940
2043	203	90345810	0	1553	1941
2044	203	90345810	0	1553	1942
2045	203	90345810	0	1553	1943
2046	203	90345810	0	1553	1944
2047	203	90345810	0	1553	1945
2048	203	90345810	0	1553	1946
2049	203	90345810	0	1553	1947
2050	203	90345810	0	1553	1948
2051	203	90345810	0	1553	1949
2052	203	90345810	0	1553	1950
2053	203	90345810	0	1553	1951
2054	203	90345810	0	1553	1952
2055	203	90345810	0	1553	1953
2056	203	90345810	0	1553	1954
2057	203	90345810	0	1553	1955
2058	203	90345810	0	1553	1956
2059	203	90345810	0	1553	1957
2060	203	90345810	0	1553	1958
2061	203	90345810	0	1553	1959
2062	203	90345810	0	1553	1960
2063	203	90345810	0	1553	1961
2064	203	90345810	0	1553	1962
2065	203	90345810	0	1553	1963
2066	203	90345810	0	1553	1964
2067	203	90345810	0	1553	1965
2068	203	90345810	0	1553	1966
2069	203	90345810	0	1553	1967
2070	203	90345810	0	1553	1968
2071	203	90345810	0	1553	1969
2072	203	90345810	0	1553	1970
2073	203	90345810	0	1553	1971
2074	203	90345810	0	1553	1972
2075	203	90345810	0	1553	1973
2076	203	90345810	0	1553	1974
2077	203	90345810	0	1553	1975
2078	203	90345810	0	1553	1976
2079	203	90345810	0	1553	1977
2080	203	90345810	0	1553	1978
2081	203	90345810	0	1553	1979
2082	203	90345810	0	1553	1980
2083	203	90345810	0	1553	1981
2084	203	90345810	0	1553	1982
2085	203	90345810	0	1553	1983
2086	203	90345810	0	1553	1984
2087	203	90345810	0	1553	1985
2088	203	90345810	0	1553	1986
2089	203	90345810	0	1553	1987
2090	203	90345810	0	1553	1988
2091	203	90345810	0	1553	1989
2092	203	90345810	0	1553	1990
2093	203	90345810	0	1553	1991
2094	203	90345810	0	1553	1992
2095	203	90345810	0	1553	1993
2096	203	90345810	0	1553	1994
2097	203	90345810	0	1553	1995
2098	203	90345810	0	1553	1996
2099	203	90345810	0	1553	1997
2100	203	90345810	0	1553	1998
2101	203	90345810	0	1553	1999
2102	203	90345810	0	1553	2000
2103	203	90345810	0	1553	2001
2104	203	90345810	0	1553	2002
2105	203	90345810	0	1553	2003
2106	203	90345810	0	1553	2004
2107	203	90345810	0	1553	2005
2108	203	90345810	0	1553	2006
2109	203	90345810	0	1553	2007
2110	203	90345810	0	1553	2008
2111	203	90345810	0	1553	2009
2112	203	90345810	0	1553	2010
2113	203	90345810	0	1553	2011
2114	203	90345810	0	1553	2012
2115	203	90345810	0	1553	2013
2116	203	90345810	0	1553	2014
2117	203	90345810	0	1553	2015
2118	203	90345810	0	1553	2016
2119	203	90345810	0	1553	2017
2120	203	90345810	0	1553	2018
2121	203	90345810	0	1553	2019
2122	203	90345810	0	1553	2020
2123	203	90345810	0	1553	2021
2124	203	90345810	0	1553	2022
2125	203	90345810	0	1553	2023
2126	203	90345810	0	1553	2024
2127	203	90345810	0	1553	2025
2128	203	90345810	0	1553	2026
2129	203	90345810	0	1553	2027
2130	203	90345810	0	1553	2028
2131	203	90345810	0	1553	2029
2132	203	90345810	0	1553	2030
2133	203	90345810	0	1553	2031
2134	203	90345810	0	1553	2032
2135	203	90345810	0	1553	2033
2136	203	90345810	0	1553	2034
2137	203	90345810	0	1553	2035
2138	203	90345810	0	1553	2036
2139	203	90345810	0	1553	2037
2140	203	90345810	0	1553	2038
2141	203	90345810	0	1553	2039
2142	203	90345810	0	1553	2040
2143	203	90345810	0	1553	2041
2144	203	90345810	0	1553	2042
2145	203	90345810	0	1553	2043
2146	203	90345810	0	1553	2044
2147	203	90345810	0	1553	2045
2148	203	90345810	0	1553	2046
2149	203	90345810	0	1553	2047
2150	203	90345810	0	1553	2048
2151	203	90345810	0	1553	2049
2152	203	90345810	0	1553	2050
2153	203	90345810	0	1553	2051
2154	203	90345810	0	1553	2052
2155	203	90345810	0	1553	2053
2156	203	90345810	0	1553	2054
2157	203	90345810	0	1553	2055
2158	203	90345810	0	1553	2056
2159	203	90345810	0	1553	2057
2160	203	90345810	0	1553	2058
2161	203	90345810	0	1553	2059
2162	203	90345810	0	1553	2060
2163	203	90345810	0	1553	2061
2164	203	90345810	0	1553	2062
2165	203	90345810	0	1553	2063
2166	203	90345810	0	1553	2064
2167	203	90345810	0	1553	2065
2168	203	90345810	0	1553	2066
2169	203	90345810	0	1553	2067
2170	203	90345810	0	1553	2068
2171	203	90345810	0	1553	2069
2172	203	90345810	0	1553	2070
2173	203	90345810	0	1553	2071
2174	203	90345810	0	1553	2072
2175	203	90345810	0	1553	2073
2176	203	90345810	0	1553	2074
2177	203	90345810	0	1553	2075
2178	203	90345810	0	1553	2076
2179	203	90345810	0	1553	2077
2180	203	90345810	0	1553	2078
2181	203	90345810	0	1553	2079
2182	203	90345810	0	1553	2080
2183	203	90345810	0	1553	2081
2184	203	90345810	0	1553	2082
2185	203	90345810	0	1553	2083
2186	203	90345810	0	1553	2084
2187	203	90345810	0	1553	2085
2188	203	90345810	0	1553	2086
2189	203	90345810	0	1553	2087
2190	203	90345810	0	1553	2088
2191	203	90345810	0	1553	2089
2192	203	90345810	0	1553	2090
2193	203	90345810	0	1553	2091
2194	203	90345810	0	1553	2092
2195	203	90345810	0	1553	2093
2196	203	90345810	0	1553	2094
2197	203	90345810	0	1553	2095
2198	203	90345810	0	1553	2096
2199	203	90345810	0	1553	2097
2200	203	90345810	0	1553	2098
2201	203	90345810	0	1553	2099
2202	203	90345810	0	1553	2100
2203	203	90345810	0	1553	2101
2204	203	90345810	0	1553	2102
2205	203	90345810	0	1553	2103
2206	203	90345810	0	1553	2104
2207	203	90345810	0	1553	2105
2208	203	90345810	0	1553	2106
2209	203	90345810	0	1553	2107
2210	203	90345810	0	1553	2108
2211	203	90345810	0	1553	2109
2212	203	90345810	0	1553	2110
2213	203	90345810	0	1553	2111
2214	203	90345810	0	1553	2112
2215	203	90345810	0	1553	2113
2216	203	90345810	0	1553	2114
2217	203	90345810	0	1553	2115
2218	203	90345810	0	1553	2116
2219	203	90345810	0	1553	2117
2220	203	90345810	0	1553	2118
2221	203	90345810	0	1553	2119
2222	203	90345810	0	1553	2120
2223	203	90345810	0	1553	2121
2224	203	90345810	0	1553	2122
2225	203	90345810	0	1553	2123
2226	203	90345810	0	1553	2124
2227	203	90345810	0	1553	2125
2228	203	90345810	0	1553	2126
2229	203	90345810	0	1553	2127
2230	203	90345810	0	1553	2128
2231	203	90345810	0	1553	2129
2232	203	90345810	0	1553	2130
2233	203	90345810	0	1553	2131
2234	203	90345810	0	1553	2132
2235	203	90345810	0	1553	2133
2236	203	90345810	0	1553	2134
2237	203	90345810	0	1553	2135
2238	203	90345810	0	1553	2136
2239	203	90345810	0	1553	2137
2240	203	90345810	0	1553	2138
2241	203	90345810	0	1553	2139
2242	203	90345810	0	1553	2140
2243	203	90345810	0	1553	2141
2244	203	90345810	0	1553	2142
2245	203	90345810	0	1553	2143
2246	203	90345810	0	1553	2144
2247	203	90345810	0	1553	2145
2248	203	90345810	0	1553	2146
2249	203	90345810	0	1553	2147
2250	203	90345810	0	1553	2148
2251	203	90345810	0	1553	2149
2252	203	90345810	0	1553	2150
2253	203	90345810	0	1553	2151
2254	203	90345810	0	1553	2152
2255	203	90345810	0	1553	2153
2256	203	90345810	0	1553	2154
2257	203	90345810	0	1553	2155
2258	203	90345810	0	1553	2156
2259	203	90345810	0	1553	2157
2260	203	90345810	0	1553	2158
2261	203	90345810	0	1553	2159
2262	203	90345810	0	1553	2160
2263	203	90345810	0	1553	2161
2264	203	90345810	0	1553	2162
2265	203	90345810	0	1553	2163
2266	203	90345810	0	1553	2164
2267	203	90345810	0	1553	2165
2268	203	90345810	0	1553	2166
2269	203	90345810	0	1553	2167
2270	203	90345810	0	1553	2168
2271	203	90345810	0	1553	2169
2272	203	90345810	0	1553	2170
2273	203	90345810	0	1553	2171
2274	203	90345810	0	1553	2172
2275	203	90345810	0	1553	2173
2276	203	90345810	0	1553	2174
2277	203	90345810	0	1553	2175
2278	203	90345810	0	1553	2176
2279	203	90345810	0	1553	2177
2280	203	90345810	0	1553	2178
2281	203	90345810	0	1553	2179
2282	203	90345810	0	1553	2180
2283	203	90345810	0	1553	2181
2284	203	90345810	0	1553	2182
2285	203	90345810	0	1553	2183
2286	203	90345810	0	1553	2184
2287	203	90345810	0	1553	2185
2288	203	90345810	0	1553	2186
2289	203	90345810	0	1553	2187
2290	203	90345810	0	1553	2188
2291	203	90345810	0	1553	2189
2292	203	90345810	0	1553	2190
2293	203	90345810	0	1553	2191
2294	203	90345810	0	1553	2192
2295	203	90345810	0	1553	2193
2296	203	90345810	0	1553	2194
2297	203	90345810	0	1553	2195
2298	203	90345810	0	1553	2196
2299	203	90345810	0	1553	2197
2300	203	90345810	0	1553	2198
2301	203	90345810	0	1553	2199
2302	203	90345810	0	1553	2200
2303	203	90345810	0	1553	2201
2304	203	90345810	0	1553	2202
2305	203	90345810	0	1553	2203
2306	203	90345810	0	1553	2204
2307	203	90345810	0	1553	2205
2308	203	90345810	0	1553	2206
2309	203	90345810	0	1553	2207
2310	203	90345810	0	1553	2208
2311	203	90345810	0	1553	2209
2312	203	90345810	0	1553	2210
2313	203	90345810	0	1553	2211
2314	203	90345810	0	1553	2212
2315	203	90345810	0	1553	2213
2316	203	90345810	0	1553	2214
2317	203	90345810	0	1553	2215
2318	203	90345810	0	1553	2216
2319	203	90345810	0	1553	2217
2320	203	90345810	0	1553	2218
2321	203	90345810	0	1553	2219
2322	203	90345810	0	1553	2220
2323	203	90345810	0	1553	2221
2324	203	90345810	0	1553	2222
2325	203	90345810	0	1553	2223
2326	203	90345810	0	1553	2224
2327	203	90345810	0	1553	2225
2328	203	90345810	0	1553	2226
2329	203	90345810	0	1553	2227
2330	203	90345810	0	1553	2228
2331	203	90345810	0	1553	2229
2332	203	90345810	0	1553	2230
2333	203	90345810	0	1553	2231
2334	203	90345810	0	1553	2232
2335	203	90345810	0	1553	2233
2336	203	90345810	0	1553	2234
2337	203	90345810	0	1553	2235
2338	203	90345810	0	1553	2236
2339	203	90345810	0	1553	2237
2340	203	90345810	0	1553	2238
2341	203	90345810	0	1553	2239
2342	203	90345810	0	1553	2240
2343	203	90345810	0	1553	2241
2344	203	90345810	0	1553	2242
2345	203	90345810	0	1553	2243
2346	203	90345810	0	1553	2244
2347	203	90345810	0	1553	2245
2348	203	90345810	0	1553	2246
2349	203	90345810	0	1553	2247
2350	203	90345810	0	1553	2248
2351	203	90345810	0	1553	2249
2352	203	90345810	0	1553	2250
2353	203	90345810	0	1553	2251
2354	203	90345810	0	1553	2252
2355	203	90345810	0	1553	2253
2356	203	90345810	0	1553	2254
2357	203	90345810	0	1553	2255
2358	203	90345810	0	1553	2256
2359	203	90345810	0	1553	2257
2360	203	90345810	0	1553	2258
2361	203	90345810	0	1553	2259
2362	203	90345810	0	1553	2260
2363	203	90345810	0	1553	2261
2364	203	90345810	0	1553	2262
2365	203	90345810	0	1553	2263
2366	203	90345810	0	1553	2264
2367	203	90345810	0	1553	2265
2368	203	90345810	0	1553	2266
2369	203	90345810	0	1553	2267
2370	203	90345810	0	1553	2268
2371	203	90345810	0	1553	2269
2372	203	90345810	0	1553	2270
2373	203	90345810	0	1553	2271
2374	203	90345810	0	1553	2272
2375	203	90345810	0	1553	2273
2376	203	90345810	0	1553	2274
2377	203	90345810	0	1553	2275
2378	203	90345810	0	1553	2276
2379	203	90345810	0	1553	2277
2380	203	90345810	0	1553	2278
2381	203	90345810	0	1553	2279
2382	203	90345810	0	1553	2280
2383	203	90345810	0	1553	2281
2384	203	90345810	0	1553	2282
2385	203	90345810	0	1553	2283
2386	203	90345810	0	1553	2284
2387	203	90345810	0	1553	2285
2388	203	90345810	0	1553	2286
2389	203	90345810	0	1553	2287
2390	203	90345810	0	1553	2288
2391	203	90345810	0	1553	2289
2392	203	90345810	0	1553	2290
2393	203	90345810	0	1553	2291
2394	203	90345810	0	1553	2292
2395	203	90345810	0	1553	2293
2396	203	90345810	0	1553	2294
2397	203	90345810	0	1553	2295
2398	203	90345810	0	1553	2296
2399	203	90345810	0	1553	2297
2400	203	90345810	0	1553	2298
2401	203	90345810	0	1553	2299
2402	203	90345810	0	1553	2300
2403	203	90345810	0	1553	2301
2404	203	90345810	0	1553	2302
2405	203	90345810	0	1553	2303
2406	203	90345810	0	1553	2304
2407	203	90345810	0	1553	2305
2408	203	90345810	0	1553	2306
2409	203	90345810	0	1553	2307
2410	203	90345810	0	1553	2308
2411	203	90345810	0	1553	2309
2412	203	90345810	0	1553	2310
2413	203	90345810	0	1553	2311
2414	203	90345810	0	1553	2312
2415	203	90345810	0	1553	2313
2416	203	90345810	0	1553	2314
2417	203	90345810	0	1553	2315
2418	203	90345810	0	1553	2316
2419	203	90345810	0	1553	2317
2420	203	90345810	0	1553	2318
2421	203	90345810	0	1553	2319
2422	203	90345810	0	1553	2320
2423	203	90345810	0	1553	2321
2424	203	90345810	0	1553	2322
2425	203	90345810	0	1553	2323
2426	203	90345810	0	1553	2324
2427	203	90345810	0	1553	2325
2428	203	90345810	0	1553	2326
2429	203	90345810	0	1553	2327
2430	203	90345810	0	1553	2328
2431	203	90345810	0	1553	2329
2432	203	90345810	0	1553	2330
2433	203	90345810	0	1553	2331
2434	203	90345810	0	1553	2332
2435	203	90345810	0	1553	2333
2436	203	90345810	0	1553	2334
2437	203	90345810	0	1553	2335
2438	203	90345810	0	1553	2336
2439	203	90345810	0	1553	2337
2440	203	90345810	0	1553	2338
2441	203	90345810	0	1553	2339
2442	203	90345810	0	1553	2340
2443	203	90345810	0	1553	2341
2444	203	90345810	0	1553	2342
2445	203	90345810	0	1553	2343
2446	203	90345810	0	1553	2344
2447	203	90345810	0	1553	2345
2448	203	90345810	0	1553	2346
2449	203	90345810	0	1553	2347
2450	203	90345810	0	1553	2348
2451	203	90345810	0	1553	2349
2452	203	90345810	0	1553	2350
2453	203	90345810	0	1553	2351
2454	203	90345810	0	1553	2352
2455	203	90345810	0	1553	2353
2456	203	90345810	0	1553	2354
2457	203	90345810	0	1553	2355
2458	203	90345810	0	1553	2356
2459	203	90345810	0	1553	2357
2460	203	90345810	0	1553	2358
2461	203	90345810	0	1553	2359
2462	203	90345810	0	1553	2360
2463	203	90345810	0	1553	2361
2464	203	90345810	0	1553	2362
2465	203	90345810	0	1553	2363
2466	203	90345810	0	1553	2364
2467	203	90345810	0	1553	2365
2468	203	90345810	0	1553	2366
2469	203	90345810	0	1553	2367
2470	203	90345810	0	1553	2368
2471	203	90345810	0	1553	2369
2472	203	90345810	0	1553	2370
2473	203	90345810	0	1553	2371
2474	203	90345810	0	1553	2372
2475	203	90345810	0	1553	2373
2476	203	90345810	0	1553	2374
2477	203	90345810	0	1553	2375
2478	203	90345810	0	1553	2376
2479	203	90345810	0	1553	2377
2480	203	90345810	0	1553	2378
2481	203	90345810	0	1553	2379
2482	203	90345810	0	1553	2380
2483	203	90345810	0	1553	2381
2484	203	90345810	0	1553	2382
2485	203	90345810	0	1553	2383
2486	203	90345810	0	1553	2384
2487	203	90345810	0	1553	2385
2488	203	90345810	0	1553	2386
2489	203	90345810	0	1553	2387
2490	203	90345810	0	1553	2388
2491	203	90345810	0	1553	2389
2492	203	90345810	0	1553	2390
2493	203	90345810	0	1553	2391
2494	203	90345810	0	1553	2392
2495	203	90345810	0	1553	2393
2496	203	90345810	0	1553	2394
2497	203	90345810	0	1553	2395
2498	203	90345810	0	1553	2396
2499	203	90345810	0	1553	2397
2500	203	90345810	0	1553	2398
2501	203	90345810	0	1553	2399
2502	203	90345810	0	1553	2400
2503	203	90345810	0	1553	2401
2504	203	90345810	0	1553	2402
2505	203	90345810	0	1553	2403
2506	203	90345810	0	1553	2404
2507	203	90345810	0	1553	2405
2508	203	90345810	0	1553	2406
2509	203	90345810	0	1553	2407
2510	203	90345810	0	1553	2408
2511	203	90345810	0	1553	2409
2512	203	90345810	0	1553	2410
2513	203	90345810	0	1553	2411
2514	203	90345810	0	1553	2412
2515	203	90345810	0	1553	2413
2516	203	90345810	0	1553	2414
2517	203	90345810	0	1553	2415
2518	203	90345810	0	1553	2416
2519	203	90345810	0	1553	2417
2520	203	90345810	0	1553	2418
2521	203	90345810	0	1553	2419
2522	203	90345810	0	1553	2420
2523	203	90345810	0	1553	2421
2524	203	90345810	0	1553	2422
2525	203	90345810	0	1553	2423
2526	203	90345810	0	1553	2424
2527	203	90345810	0	1553	2425
2528	203	90345810	0	1553	2426
2529	203	90345810	0	1553	2427
2530	203	90345810	0	1553	2428
2531	203	90345810	0	1553	2429
2532	203	90345810	0	1553	2430
2533	203	90345810	0	1553	2431
2534	203	90345810	0	1553	2432
2535	203	90345810	0	1553	2433
2536	203	90345810	0	1553	2434
2537	203	90345810	0	1553	2435
2538	203	90345810	0	1553	2436
2539	203	90345810	0	1553	2437
2540	203	90345810	0	1553	2438
2541	203	90345810	0	1553	2439
2542	203	90345810	0	1553	2440
2543	203	90345810	0	1553	2441
2544	203	90345810	0	1553	2442
2545	203	90345810	0	1553	2443
2546	203	90345810	0	1553	2444
2547	203	90345810	0	1553	2445
2548	203	90345810	0	1553	2446
2549	203	90345810	0	1553	2447
2550	203	90345810	0	1553	2448
2551	203	90345810	0	1553	2449
2552	203	90345810	0	1553	2450
2553	203	90345810	0	1553	2451
2554	203	90345810	0	1553	2452
2555	203	90345810	0	1553	2453
2556	203	90345810	0	1553	2454
2557	203	90345810	0	1553	2455
2558	203	90345810	0	1553	2456
2559	203	90345810	0	1553	2457
2560	203	90345810	0	1553	2458
2561	203	90345810	0	1553	2459
2562	203	90345810	0	1553	2460
2563	203	90345810	0	1553	2461
2564	203	90345810	0	1553	2462
2565	203	90345810	0	1553	2463
2566	203	90345810	0	1553	2464
2567	203	90345810	0	1553	2465
2568	203	90345810	0	1553	2466
2569	203	90345810	0	1553	2467
2570	203	90345810	0	1553	2468
2571	203	90345810	0	1553	2469
2572	203	90345810	0	1553	2470
2573	203	90345810	0	1553	2471
2574	203	90345810	0	1553	2472
2575	203	90345810	0	1553	2473
2576	203	90345810	0	1553	2474
2577	203	90345810	0	1553	2475
2578	203	90345810	0	1553	2476
2579	203	90345810	0	1553	2477
2580	203	90345810	0	1553	2478
2581	203	90345810	0	1553	2479
2582	203	90345810	0	1553	2480
2583	203	90345810	0	1553	2481
2584	203	90345810	0	1553	2482
2585	203	90345810	0	1553	2483
2586	203	90345810	0	1553	2484
2587	203	90345810	0	1553	2485
2588	203	90345810	0	1553	2486
2589	203	90345810	0	1553	2487
2590	203	90345810	0	1553	2488
2591	203	90345810	0	1553	2489
2592	203	90345810	0	1553	2490
2593	203	90345810	0	1553	2491
2594	203	90345810	0	1553	2492
2595	203	90345810	0	1553	2493
2596	203	90345810	0	1553	2494
2597	203	90345810	0	1553	2495
2598	203	90345810	0	1553	2496
2599	203	90345810	0	1553	2497
2600	203	90345810	0	1553	2498
2601	203	90345810	0	1553	2499
2602	203	90345810	0	1553	2500
2603	203	90345810	0	1553	2501
2604	203	90345810	0	1553	2502
2605	203	90345810	0	1553	2503
2606	203	90345810	0	1553	2504
2607	203	90345810	0	1553	2505
2608	203	90345810	0	1553	2506
2609	203	90345810	0	1553	2507
2610	203	90345810	0	1553	2508
2611	203	90345810	0	1553	2509
2612	203	90345810	0	1553	2510
2613	203	90345810	0	1553	2511
2614	203	90345810	0	1553	2512
2615	203	90345810	0	1553	2513
2616	203	90345810	0	1553	2514
2617	203	90345810	0	1553	2515
2618	203	90345810	0	1553	2516
2619	203	90345810	0	1553	2517
2620	203	90345810	0	1553	2518
2621	203	90345810	0	1553	2519
2622	203	90345810	0	1553	2520
2623	203	90345810	0	1553	2521
2624	203	90345810	0	1553	2522
2625	203	90345810	0	1553	2523
2626	203	90345810	0	1553	2524
2627	203	90345810	0	1553	2525
2628	203	90345810	0	1553	2526
2629	203	90345810	0	1553	2527
2630	203	90345810	0	1553	2528
2631	203	90345810	0	1553	2529
2632	203	90345810	0	1553	2530
2633	203	90345810	0	1553	2531
2634	203	90345810	0	1553	2532
2635	203	90345810	0	1553	2533
2636	203	90345810	0	1553	2534
2637	203	90345810	0	1553	2535
2638	203	90345810	0	1553	2536
2639	203	90345810	0	1553	2537
2640	203	90345810	0	1553	2538
2641	203	90345810	0	1553	2539
2642	203	90345810	0	1553	2540
2643	203	90345810	0	1553	2541
2644	203	90345810	0	1553	2542
2645	203	90345810	0	1553	2543
2646	203	90345810	0	1553	2544
2647	203	90345810	0	1553	2545
2648	203	90345810	0	1553	2546
2649	203	90345810	0	1553	2547
2650	203	90345810	0	1553	2548
2651	203	90345810	0	1553	2549
2652	203	90345810	0	1553	2550
2653	203	90345810	0	1553	2551
2654	203	90345810	0	1553	2552
2655	203	90345810	0	1553	2553
2656	203	90345810	0	1553	2554
2657	203	90345810	0	1553	2555
2658	203	90345810	0	1553	2556
2659	203	90345810	0	1553	2557
2660	203	90345810	0	1553	2558
2661	203	90345810	0	1553	2559
2662	203	90345810	0	1553	2560
2663	203	90345810	0	1553	2561
2664	203	90345810	0	1553	2562
2665	203	90345810	0	1553	2563
2666	203	90345810	0	1553	2564
2667	203	90345810	0	1553	2565
2668	203	90345810	0	1553	2566
2669	203	90345810	0	1553	2567
2670	203	90345810	0	1553	2568
2671	203	90345810	0	1553	2569
2672	203	90345810	0	1553	2570
2673	203	90345810	0	1553	2571
2674	203	90345810	0	1553	2572
2675	203	90345810	0	1553	2573
2676	203	90345810	0	1553	2574
2677	203	90345810	0	1553	2575
2678	203	90345810	0	1553	2576
2679	203	90345810	0	1553	2577
2680	203	90345810	0	1553	2578
2681	203	90345810	0	1553	2579
2682	203	90345810	0	1553	2580
2683	203	90345810	0	1553	2581
2684	203	90345810	0	1553	2582
2685	203	90345810	0	1553	2583
2686	203	90345810	0	1553	2584
2687	203	90345810	0	1553	2585
2688	203	90345810	0	1553	2586
2689	203	90345810	0	1553	2587
2690	203	90345810	0	1553	2588
2691	203	90345810	0	1553	2589
2692	203	90345810	0	1553	2590
2693	203	90345810	0	1553	2591
2694	203	90345810	0	1553	2592
2695	203	90345810	0	1553	2593
2696	203	90345810	0	1553	2594
2697	203	90345810	0	1553	2595
2698	203	90345810	0	1553	2596
2699	203	90345810	0	1553	2597
2700	203	90345810	0	1553	2598
2701	203	90345810	0	1553	2599
2702	203	90345810	0	1553	2600
2703	203	90345810	0	1553	2601
2704	203	90345810	0	1553	2602
2705	203	90345810	0	1553	2603
2706	203	90345810	0	1553	2604
2707	203	90345810	0	1553	2605
2708	203	90345810	0	1553	2606
2709	203	90345810	0	1553	2607
2710	203	90345810	0	1553	2608
2711	203	90345810	0	1553	2609
2712	203	90345810	0	1553	2610
2713	203	90345810	0	1553	2611
2714	203	90345810	0	1553	2612
2715	203	90345810	0	1553	2613
2716	203	90345810	0	1553	2614
2717	203	90345810	0	1553	2615
2718	203	90345810	0	1553	2616
2719	203	90345810	0	1553	2617
2720	203	90345810	0	1553	2618
2721	203	90345810	0	1553	2619
2722	203	90345810	0	1553	2620
2723	203	90345810	0	1553	2621
2724	203	90345810	0	1553	2622
2725	203	90345810	0	1553	2623
2726	203	90345810	0	1553	2624
2727	203	90345810	0	1553	2625
2728	203	90345810	0	1553	2626
2729	203	90345810	0	1553	2627
2730	203	90345810	0	1553	2628
2731	203	90345810	0	1553	2629
2732	203	90345810	0	1553	2630
2733	203	90345810	0	1553	2631
2734	203	90345810	0	1553	2632
2735	203	90345810	0	1553	2633
2736	203	90345810	0	1553	2634
2737	203	90345810	0	1553	2635
2738	203	90345810	0	1553	2636
2739	203	90345810	0	1553	2637
2740	203	90345810	0	1553	2638
2741	203	90345810	0	1553	2639
2742	203	90345810	0	1553	2640
2743	203	90345810	0	1553	2641
2744	203	90345810	0	1553	2642
2745	203	90345810	0	1553	2643
2746	203	90345810	0	1553	2644
2747	203	90345810	0	1553	2645
2748	203	90345810	0	1553	2646
2749	203	90345810	0	1553	2647
2750	203	90345810	0	1553	2648
2751	203	90345810	0	1553	2649
2752	203	90345810	0	1553	2650
2753	203	90345810	0	1553	2651
2754	203	90345810	0	1553	2652
2755	203	90345810	0	1553	2653
2756	203	90345810	0	1553	2654
2757	203	90345810	0	1553	2655
2758	203	90345810	0	1553	2656
2759	203	90345810	0	1553	2657
2760	203	90345810	0	1553	2658
2761	203	90345810	0	1553	2659
2762	203	90345810	0	1553	2660
2763	203	90345810	0	1553	2661
2764	203	90345810	0	1553	2662
2765	203	90345810	0	1553	2663
2766	203	90345810	0	1553	2664
2767	203	90345810	0	1553	2665
2768	203	90345810	0	1553	2666
2769	203	90345810	0	1553	2667
2770	203	90345810	0	1553	2668
2771	203	90345810	0	1553	2669
2772	203	90345810	0	1553	2670
2773	203	90345810	0	1553	2671
2774	203	90345810	0	1553	2672
2775	203	90345810	0	1553	2673
2776	203	90345810	0	1553	2674
2777	203	90345810	0	1553	2675
2778	203	90345810	0	1553	2676
2779	203	90345810	0	1553	2677
2780	203	90345810	0	1553	2678
2781	203	90345810	0	1553	2679
2782	203	90345810	0	1553	2680
2783	203	90345810	0	1553	2681
2784	203	90345810	0	1553	2682
2785	203	90345810	0	1553	2683
2786	203	90345810	0	1553	2684
2787	203	90345810	0	1553	2685
2788	203	90345810	0	1553	2686
2789	203	90345810	0	1553	2687
2790	203	90345810	0	1553	2688
2791	203	90345810	0	1553	2689
2792	203	90345810	0	1553	2690
2793	203	90345810	0	1553	2691
2794	203	90345810	0	1553	2692
2795	203	90345810	0	1553	2693
2796	203	90345810	0	1553	2694
2797	203	90345810	0	1553	2695
2798	203	90345810	0	1553	2696
2799	203	90345810	0	1553	2697
2800	203	90345810	0	1553	2698
2801	203	90345810	0	1553	2699
2802	203	90345810	0	1553	2700
2803	203	90345810	0	1553	2701
2804	203	90345810	0	1553	2702
2805	203	90345810	0	1553	2703
2806	203	90345810	0	1553	2704
2807	203	90345810	0	1553	2705
2808	203	90345810	0	1553	2706
2809	203	90345810	0	1553	2707
2810	203	90345810	0	1553	2708
2811	203	90345810	0	1553	2709
2812	203	90345810	0	1553	2710
2813	203	90345810	0	1553	2711
2814	203	90345810	0	1553	2712
2815	203	90345810	0	1553	2713
2816	203	90345810	0	1553	2714
2817	203	90345810	0	1553	2715
2818	203	90345810	0	1553	2716
2819	203	90345810	0	1553	2717
2820	203	90345810	0	1553	2718
2821	203	90345810	0	1553	2719
2822	203	90345810	0	1553	2720
2823	203	90345810	0	1553	2721
2824	203	90345810	0	1553	2722
2825	203	90345810	0	1553	2723
2826	203	90345810	0	1553	2724
2827	203	90345810	0	1553	2725
2828	203	90345810	0	1553	2726
2829	203	90345810	0	1553	2727
2830	203	90345810	0	1553	2728
2831	203	90345810	0	1553	2729
2832	203	90345810	0	1553	2730
2833	203	90345810	0	1553	2731
2834	203	90345810	0	1553	2732
2835	203	90345810	0	1553	2733
2836	203	90345810	0	1553	2734
2837	203	90345810	0	1553	2735
2838	203	90345810	0	1553	2736
2839	203	90345810	0	1553	2737
2840	203	90345810	0	1553	2738
2841	203	90345810	0	1553	2739
2842	203	90345810	0	1553	2740
2843	203	90345810	0	1553	2741
2844	203	90345810	0	1553	2742
2845	203	90345810	0	1553	2743
2846	203	90345810	0	1553	2744
2847	203	90345810	0	1553	2745
2848	203	90345810	0	1553	2746
2849	203	90345810	0	1553	2747
2850	203	90345810	0	1553	2748
2851	203	90345810	0	1553	2749
2852	203	90345810	0	1553	2750
2853	203	90345810	0	1553	2751
2854	203	90345810	0	1553	2752
2855	203	90345810	0	1553	2753
2856	203	90345810	0	1553	2754
2857	203	90345810	0	1553	2755
2858	203	90345810	0	1553	2756
2859	203	90345810	0	1553	2757
2860	203	90345810	0	1553	2758
2861	203	90345810	0	1553	2759
2862	203	90345810	0	1553	2760
2863	203	90345810	0	1553	2761
2864	203	90345810	0	1553	2762
2865	203	90345810	0	1553	2763
2866	203	90345810	0	1553	2764
2867	203	90345810	0	1553	2765
2868	203	90345810	0	1553	2766
2869	203	90345810	0	1553	2767
2870	203	90345810	0	1553	2768
2871	203	90345810	0	1553	2769
2872	203	90345810	0	1553	2770
2873	203	90345810	0	1553	2771
2874	203	90345810	0	1553	2772
2875	203	90345810	0	1553	2773
2876	203	90345810	0	1553	2774
2877	203	90345810	0	1553	2775
2878	203	90345810	0	1553	2776
2879	203	90345810	0	1553	2777
2880	203	90345810	0	1553	2778
2881	203	90345810	0	1553	2779
2882	203	90345810	0	1553	2780
2883	203	90345810	0	1553	2781
2884	203	90345810	0	1553	2782
2885	203	90345810	0	1553	2783
2886	203	90345810	0	1553	2784
2887	203	90345810	0	1553	2785
2888	203	90345810	0	1553	2786
2889	203	90345810	0	1553	2787
2890	203	90345810	0	1553	2788
2891	203	90345810	0	1553	2789
2892	203	90345810	0	1553	2790
2893	203	90345810	0	1553	2791
2894	203	90345810	0	1553	2792
2895	203	90345810	0	1553	2793
2896	203	90345810	0	1553	2794
2897	203	90345810	0	1553	2795
2898	203	90345810	0	1553	2796
2899	203	90345810	0	1553	2797
2900	203	90345810	0	1553	2798
2901	203	90345810	0	1553	2799
2902	203	90345810	0	1553	2800
2903	203	90345810	0	1553	2801
2904	203	90345810	0	1553	2802
2905	203	90345810	0	1553	2803
2906	203	90345810	0	1553	2804
2907	203	90345810	0	1553	2805
2908	203	90345810	0	1553	2806
2909	203	90345810	0	1553	2807
2910	203	90345810	0	1553	2808
2911	203	90345810	0	1553	2809
2912	203	90345810	0	1553	2810
2913	203	90345810	0	1553	2811
2914	203	90345810	0	1553	2812
2915	203	90345810	0	1553	2813
2916	203	90345810	0	1553	2814
2917	203	90345810	0	1553	2815
2918	203	90345810	0	1553	2816
2919	203	90345810	0	1553	2817
2920	203	90345810	0	1553	2818
2921	203	90345810	0	1553	2819
2922	203	90345810	0	1553	2820
2923	203	90345810	0	1553	2821
2924	203	90345810	0	1553	2822
2925	203	90345810	0	1553	2823
2926	203	90345810	0	1553	2824
2927	203	90345810	0	1553	2825
2928	203	90345810	0	1553	2826
2929	203	90345810	0	1553	2827
2930	203	90345810	0	1553	2828
2931	203	90345810	0	1553	2829
2932	203	90345810	0	1553	2830
2933	203	90345810	0	1553	2831
2934	203	90345810	0	1553	2832
2935	203	90345810	0	1553	2833
2936	203	90345810	0	1553	2834
2937	203	90345810	0	1553	2835
2938	203	90345810	0	1553	2836
2939	203	90345810	0	1553	2837
2940	203	90345810	0	1553	2838
2941	203	90345810	0	1553	2839
2942	203	90345810	0	1553	2840
2943	203	90345810	0	1553	2841
2944	203	90345810	0	1553	2842
2945	203	90345810	0	1553	2843
2946	203	90345810	0	1553	2844
2947	203	90345810	0	1553	2845
2948	203	90345810	0	1553	2846
2949	203	90345810	0	1553	2847
2950	203	90345810	0	1553	2848
2951	203	90345810	0	1553	2849
2952	203	90345810	0	1553	2850
2953	203	90345810	0	1553	2851
2954	203	90345810	0	1553	2852
2955	203	90345810	0	1553	2853
2956	203	90345810	0	1553	2854
2957	203	90345810	0	1553	2855
2958	203	90345810	0	1553	2856
2959	203	90345810	0	1553	2857
2960	203	90345810	0	1553	2858
2961	203	90345810	0	1553	2859
2962	203	90345810	0	1553	2860
2963	203	90345810	0	1553	2861
2964	203	90345810	0	1553	2862
2965	203	90345810	0	1553	2863
2966	203	90345810	0	1553	2864
2967	203	90345810	0	1553	2865
2968	203	90345810	0	1553	2866
2969	203	90345810	0	1553	2867
2970	203	90345810	0	1553	2868
2971	203	90345810	0	1553	2869
2972	203	90345810	0	1553	2870
2973	203	90345810	0	1553	2871
2974	203	90345810	0	1553	2872
2975	203	90345810	0	1553	2873
2976	203	90345810	0	1553	2874
2977	203	90345810	0	1553	2875
2978	203	90345810	0	1553	2876
2979	203	90345810	0	1553	2877
2980	203	90345810	0	1553	2878
2981	203	90345810	0	1553	2879
2982	203	90345810	0	1553	2880
2983	203	90345810	0	1553	2881
2984	203	90345810	0	1553	2882
2985	203	90345810	0	1553	2883
2986	203	90345810	0	1553	2884
2987	203	90345810	0	1553	2885
2988	203	90345810	0	1553	2886
2989	203	90345810	0	1553	2887
2990	203	90345810	0	1553	2888
2991	203	90345810	0	1553	2889
2992	203	90345810	0	1553	2890
2993	203	90345810	0	1553	2891
2994	203	90345810	0	1553	2892
2995	203	90345810	0	1553	2893
2996	203	90345810	0	1553	2894
2997	203	90345810	0	1553	2895
2998	203	90345810	0	1553	2896
2999	203	90345810	0	1553	2897
3000	203	90345810	0	1553	2898
3001	203	90345810	0	1553	2899
3002	203	90345810	0	1553	2900
3003	203	90345810	0	1553	2901
3004	203	90345810	0	1553	2902
3005	203	90345810	0	1553	2903
3006	203	90345810	0	1553	2904
3007	203	90345810	0	1553	2905
3008	203	90345810	0	1553	2906
3009	203	90345810	0	1553	2907
3010	203	90345810	0	1553	2908
3011	203	90345810	0	1553	2909
3012	203	90345810	0	1553	2910
3013	203	90345810	0	1553	2911
3014	203	90345810	0	1553	2912
3015	203	90345810	0	1553	2913
3016	203	90345810	0	1553	2914
3017	203	90345810	0	1553	2915
3018	203	90345810	0	1553	2916
3019	203	90345810	0	1553	2917
3020	203	90345810	0	1553	2918
3021	203	90345810	0	1553	2919
3022	203	90345810	0	1553	2920
3023	203	90345810	0	1553	2921
3024	203	90345810	0	1553	2922
3025	203	90345810	0	1553	2923
3026	203	90345810	0	1553	2924
3027	203	90345810	0	1553	2925
3028	203	90345810	0	1553	2926
3029	203	90345810	0	1553	2927
3030	203	90345810	0	1553	2928
3031	203	90345810	0	1553	2929
3032	203	90345810	0	1553	2930
3033	203	90345810	0	1553	2931
3034	203	90345810	0	1553	2932
3035	203	90345810	0	1553	2933
3036	203	90345810	0	1553	2934
3037	203	90345810	0	1553	2935
3038	203	90345810	0	1553	2936
3039	203	90345810	0	1553	2937
3040	203	90345810	0	1553	2938
3041	203	90345810	0	1553	2939
3042	203	90345810	0	1553	2940
3043	203	90345810	0	1553	2941
3044	203	90345810	0	1553	2942
3045	203	90345810	0	1553	2943
3046	203	90345810	0	1553	2944
3047	203	90345810	0	1553	2945
3048	203	90345810	0	1553	2946
3049	203	90345810	0	1553	2947
3050	203	90345810	0	1553	2948
3051	203	90345810	0	1553	2949
3052	203	90345810	0	1553	2950
3053	203	90345810	0	1553	2951
3054	203	90345810	0	1553	2952
3055	203	90345810	0	1553	2953
3056	203	90345810	0	1553	2954
3057	203	90345810	0	1553	2955
3058	203	90345810	0	1553	2956
3059	203	90345810	0	1553	2957
3060	203	90345810	0	1553	2958
3061	203	90345810	0	1553	2959
3062	203	90345810	0	1553	2960
3063	203	90345810	0	1553	2961
3064	203	90345810	0	1553	2962
3065	203	90345810	0	1553	2963
3066	203	90345810	0	1553	2964
3067	203	90345810	0	1553	2965
3068	203	90345810	0	1553	2966
3069	203	90345810	0	1553	2967
3070	203	90345810	0	1553	2968
3071	203	90345810	0	1553	2969
3072	203	90345810	0	1553	2970
3073	203	90345810	0	1553	2971
3074	203	90345810	0	1553	2972
3075	203	90345810	0	1553	2973
3076	203	90345810	0	1553	2974
3077	203	90345810	0	1553	2975
3078	203	90345810	0	1553	2976
3079	203	90345810	0	1553	2977
3080	203	90345810	0	1553	2978
3081	203	90345810	0	1553	2979
3082	203	90345810	0	1553	2980
3083	203	90345810	0	1553	2981
3084	203	90345810	0	1553	2982
3085	203	90345810	0	1553	2983
3086	203	90345810	0	1553	2984
3087	203	90345810	0	1553	2985
3088	203	90345810	0	1553	2986
3089	203	90345810	0	1553	2987
3090	203	90345810	0	1553	2988
3091	203	90345810	0	1553	2989
3092	203	90345810	0	1553	2990
3093	203	90345810	0	1553	2991
3094	203	90345810	0	1553	2992
3095	203	90345810	0	1553	2993
3096	203	90345810	0	1553	2994
3097	203	90345810	0	1553	2995
3098	203	90345810	0	1553	2996
3099	203	90345810	0	1553	2997
3100	203	90345810	0	1553	2998
3101	203	90345810	0	1553	2999
3102	203	90345810	0	1553	3000
3103	203	90345810	0	1553	3001
3104	203	90345810	0	1553	3002
3105	203	90345810	0	1553	3003
3106	203	90345810	0	1553	3004
3107	203	90345810	0	1553	3005
3108	203	90345810	0	1553	3006
3109	203	90345810	0	1553	3007
3110	203	90345810	0	1553	3008
3111	203	90345810	0	1553	3009
3112	203	90345810	0	1553	3010
3113	203	90345810	0	1553	3011
3114	203	90345810	0	1553	3012
3115	203	90345810	0	1553	3013
3116	203	90345810	0	1553	3014
3117	203	90345810	0	1553	3015
3118	203	90345810	0	1553	3016
3119	203	90345810	0	1553	3017
3120	203	90345810	0	1553	3018
3121	203	90345810	0	1553	3019
3122	203	90345810	0	1553	3020
3123	203	90345810	0	1553	3021
3124	203	90345810	0	1553	3022
3125	203	90345810	0	1553	3023
3126	203	90345810	0	1553	3024
3127	203	90345810	0	1553	3025
3128	203	90345810	0	1553	3026
3129	203	90345810	0	1553	3027
3130	203	90345810	0	1553	3028
3131	203	90345810	0	1553	3029
3132	203	90345810	0	1553	3030
3133	203	90345810	0	1553	3031
3134	203	90345810	0	1553	3032
3135	203	90345810	0	1553	3033
3136	203	90345810	0	1553	3034
3137	203	90345810	0	1553	3035
3138	203	90345810	0	1553	3036
3139	203	90345810	0	1553	3037
3140	203	90345810	0	1553	3038
3141	203	90345810	0	1553	3039
3142	203	90345810	0	1553	3040
3143	203	90345810	0	1553	3041
3144	203	90345810	0	1553	3042
3145	203	90345810	0	1553	3043
3146	203	90345810	0	1553	3044
3147	203	90345810	0	1553	3045
3148	203	90345810	0	1553	3046
3149	203	90345810	0	1553	3047
3150	203	90345810	0	1553	3048
3151	203	90345810	0	1553	3049
3152	203	90345810	0	1553	3050
3153	203	90345810	0	1553	3051
3154	203	90345810	0	1553	3052
3155	203	90345810	0	1553	3053
3156	203	90345810	0	1553	3054
3157	203	90345810	0	1553	3055
3158	203	90345810	0	1553	3056
3159	203	90345810	0	1553	3057
3160	203	90345810	0	1553	3058
3161	203	90345810	0	1553	3059
3162	203	90345810	0	1553	3060
3163	203	90345810	0	1553	3061
3164	203	90345810	0	1553	3062
3165	203	90345810	0	1553	3063
3166	203	90345810	0	1553	3064
3167	203	90345810	0	1553	3065
3168	203	90345810	0	1553	3066
3169	203	90345810	0	1553	3067
3170	203	90345810	0	1553	3068
3171	203	90345810	0	1553	3069
3172	203	90345810	0	1553	3070
3173	203	90345810	0	1553	3071
3174	203	90345810	0	1553	3072
3175	203	90345810	0	1553	3073
3176	203	90345810	0	1553	3074
3177	203	90345810	0	1553	3075
3178	203	90345810	0	1553	3076
3179	203	90345810	0	1553	3077
3180	203	90345810	0	1553	3078
3181	203	90345810	0	1553	3079
3182	203	90345810	0	1553	3080
3183	203	90345810	0	1553	3081
3184	203	90345810	0	1553	3082
3185	203	90345810	0	1553	3083
3186	203	90345810	0	1553	3084
3187	203	90345810	0	1553	3085
3188	203	90345810	0	1553	3086
3189	203	90345810	0	1553	3087
3190	203	90345810	0	1553	3088
3191	203	90345810	0	1553	3089
3192	203	90345810	0	1553	3090
3193	203	90345810	0	1553	3091
3194	203	90345810	0	1553	3092
3195	203	90345810	0	1553	3093
3196	203	90345810	0	1553	3094
3197	203	90345810	0	1553	3095
3198	203	90345810	0	1553	3096
3199	203	90345810	0	1553	3097
3200	203	90345810	0	1553	3098
3201	203	90345810	0	1553	3099
3202	203	90345810	0	1553	3100
3203	203	90345810	0	1553	3101
3204	203	90345810	0	1553	3102
3205	203	90345810	0	1553	3103
3206	203	90345810	0	1553	3104
3207	203	90345810	0	1553	3105
3208	203	90345810	0	1553	3106
3209	203	90345810	0	1553	3107
3210	203	90345810	0	1553	3108
3211	203	90345810	0	1553	3109
3212	203	90345810	0	1553	3110
3213	203	90345810	0	1553	3111
3214	203	90345810	0	1553	3112
3215	203	90345810	0	1553	3113
3216	203	90345810	0	1553	3114
3217	203	90345810	0	1553	3115
3218	203	90345810	0	1553	3116
3219	203	90345810	0	1553	3117
3220	203	90345810	0	1553	3118
3221	203	90345810	0	1553	3119
3222	203	90345810	0	1553	3120
3223	203	90345810	0	1553	3121
3224	203	90345810	0	1553	3122
3225	203	90345810	0	1553	3123
3226	203	90345810	0	1553	3124
3227	203	90345810	0	1553	3125
3228	203	90345810	0	1553	3126
3229	203	90345810	0	1553	3127
3230	203	90345810	0	1553	3128
3231	203	90345810	0	1553	3129
3232	203	90345810	0	1553	3130
3233	203	90345810	0	1553	3131
3234	203	90345810	0	1553	3132
3235	203	90345810	0	1553	3133
3236	203	90345810	0	1553	3134
3237	203	90345810	0	1553	3135
3238	203	90345810	0	1553	3136
3239	203	90345810	0	1553	3137
3240	203	90345810	0	1553	3138
3241	203	90345810	0	1553	3139
3242	203	90345810	0	1553	3140
3243	203	90345810	0	1553	3141
3244	203	90345810	0	1553	3142
3245	203	90345810	0	1553	3143
3246	203	90345810	0	1553	3144
3247	203	90345810	0	1553	3145
3248	203	90345810	0	1553	3146
3249	203	90345810	0	1553	3147
3250	203	90345810	0	1553	3148
3251	203	90345810	0	1553	3149
3252	203	90345810	0	1553	3150
3253	203	90345810	0	1553	3151
3254	203	90345810	0	1553	3152
3255	203	90345810	0	1553	3153
3256	203	90345810	0	1553	3154
3257	203	90345810	0	1553	3155
3258	203	90345810	0	1553	3156
3259	203	90345810	0	1553	3157
3260	203	90345810	0	1553	3158
3261	203	90345810	0	1553	3159
3262	203	90345810	0	1553	3160
3263	203	90345810	0	1553	3161
3264	203	90345810	0	1553	3162
3265	203	90345810	0	1553	3163
3266	203	90345810	0	1553	3164
3267	203	90345810	0	1553	3165
3268	203	90345810	0	1553	3166
3269	203	90345810	0	1553	3167
3270	203	90345810	0	1553	3168
3271	203	90345810	0	1553	3169
3272	203	90345810	0	1553	3170
3273	203	90345810	0	1553	3171
3274	203	90345810	0	1553	3172
3275	203	90345810	0	1553	3173
3276	203	90345810	0	1553	3174
3277	203	90345810	0	1553	3175
3278	203	90345810	0	1553	3176
3279	203	90345810	0	1553	3177
3280	203	90345810	0	1553	3178
3281	203	90345810	0	1553	3179
3282	203	90345810	0	1553	3180
3283	203	90345810	0	1553	3181
3284	203	90345810	0	1553	3182
3285	203	90345810	0	1553	3183
3286	203	90345810	0	1553	3184
3287	203	90345810	0	1553	3185
3288	203	90345810	0	1553	3186
3289	203	90345810	0	1553	3187
3290	203	90345810	0	1553	3188
3291	203	90345810	0	1553	3189
3292	203	90345810	0	1553	3190
3293	203	90345810	0	1553	3191
3294	203	90345810	0	1553	3192
3295	203	90345810	0	1553	3193
3296	203	90345810	0	1553	3194
3297	203	90345810	0	1553	3195
3298	203	90345810	0	1553	3196
3299	203	90345810	0	1553	3197
3300	203	90345810	0	1553	3198
3301	203	90345810	0	1553	3199
3302	203	90345810	0	1553	3200
3303	203	90345810	0	1553	3201
3304	203	90345810	0	1553	3202
3305	203	90345810	0	1553	3203
3306	203	90345810	0	1553	3204
3307	203	90345810	0	1553	3205
3308	203	90345810	0	1553	3206
3309	203	90345810	0	1553	3207
3310	203	90345810	0	1553	3208
3311	203	90345810	0	1553	3209
3312	203	90345810	0	1553	3210
3313	203	90345810	0	1553	3211
3314	203	90345810	0	1553	3212
3315	203	90345810	0	1553	3213
3316	203	90345810	0	1553	3214
3317	203	90345810	0	1553	3215
3318	203	90345810	0	1553	3216
3319	203	90345810	0	1553	3217
3320	203	90345810	0	1553	3218
3321	203	90345810	0	1553	3219
3322	203	90345810	0	1553	3220
3323	203	90345810	0	1553	3221
3324	203	90345810	0	1553	3222
3325	203	90345810	0	1553	3223
3326	203	90345810	0	1553	3224
3327	203	90345810	0	1553	3225
3328	203	90345810	0	1553	3226
3329	203	90345810	0	1553	3227
3330	203	90345810	0	1553	3228
3331	203	90345810	0	1553	3229
3332	203	90345810	0	1553	3230
3333	203	90345810	0	1553	3231
3334	203	90345810	0	1553	3232
3335	203	90345810	0	1553	3233
3336	203	90345810	0	1553	3234
3337	203	90345810	0	1553	3235
3338	203	90345810	0	1553	3236
3339	203	90345810	0	1553	3237
3340	203	90345810	0	1553	3238
3341	203	90345810	0	1553	3239
3342	203	90345810	0	1553	3240
3343	203	90345810	0	1553	3241
3344	203	90345810	0	1553	3242
3345	203	90345810	0	1553	3243
3346	203	90345810	0	1553	3244
3347	203	90345810	0	1553	3245
3348	203	90345810	0	1553	3246
3349	203	90345810	0	1553	3247
3350	203	90345810	0	1553	3248
3351	203	90345810	0	1553	3249
3352	203	90345810	0	1553	3250
3353	203	90345810	0	1553	3251
3354	203	90345810	0	1553	3252
3355	203	90345810	0	1553	3253
3356	203	90345810	0	1553	3254
3357	203	90345810	0	1553	3255
3358	203	90345810	0	1553	3256
3359	203	90345810	0	1553	3257
3360	203	90345810	0	1553	3258
3361	203	90345810	0	1553	3259
3362	203	90345810	0	1553	3260
3363	203	90345810	0	1553	3261
3364	203	90345810	0	1553	3262
3365	203	90345810	0	1553	3263
3366	203	90345810	0	1553	3264
3367	203	90345810	0	1553	3265
3368	203	90345810	0	1553	3266
3369	203	90345810	0	1553	3267
3370	203	90345810	0	1553	3268
3371	203	90345810	0	1553	3269
3372	203	90345810	0	1553	3270
3373	203	90345810	0	1553	3271
3374	203	90345810	0	1553	3272
3375	203	90345810	0	1553	3273
3376	203	90345810	0	1553	3274
3377	203	90345810	0	1553	3275
3378	203	90345810	0	1553	3276
3379	203	90345810	0	1553	3277
3380	203	90345810	0	1553	3278
3381	203	90345810	0	1553	3279
3382	203	90345810	0	1553	3280
3383	203	90345810	0	1553	3281
3384	203	90345810	0	1553	3282
3385	203	90345810	0	1553	3283
3386	203	90345810	0	1553	3284
3387	203	90345810	0	1553	3285
3388	203	90345810	0	1553	3286
3389	203	90345810	0	1553	3287
3390	203	90345810	0	1553	3288
3391	203	90345810	0	1553	3289
3392	203	90345810	0	1553	3290
3393	203	90345810	0	1553	3291
3394	203	90345810	0	1553	3292
3395	203	90345810	0	1553	3293
3396	203	90345810	0	1553	3294
3397	203	90345810	0	1553	3295
3398	203	90345810	0	1553	3296
3399	203	90345810	0	1553	3297
3400	203	90345810	0	1553	3298
3401	203	90345810	0	1553	3299
3402	203	90345810	0	1553	3300
3403	203	90345810	0	1553	3301
3404	203	90345810	0	1553	3302
3405	203	90345810	0	1553	3303
3406	203	90345810	0	1553	3304
3407	203	90345810	0	1553	3305
3408	203	90345810	0	1553	3306
3409	203	90345810	0	1553	3307
3410	203	90345810	0	1553	3308
3411	203	90345810	0	1553	3309
3412	203	90345810	0	1553	3310
3413	203	90345810	0	1553	3311
3414	203	90345810	0	1553	3312
3415	203	90345810	0	1553	3313
3416	203	90345810	0	1553	3314
3417	203	90345810	0	1553	3315
3418	203	90345810	0	1553	3316
3419	203	90345810	0	1553	3317
3420	203	90345810	0	1553	3318
3421	203	90345810	0	1553	3319
3422	203	90345810	0	1553	3320
3423	203	90345810	0	1553	3321
3424	203	90345810	0	1553	3322
3425	203	90345810	0	1553	3323
3426	203	90345810	0	1553	3324
3427	203	90345810	0	1553	3325
3428	203	90345810	0	1553	3326
3429	203	90345810	0	1553	3327
3430	203	90345810	0	1553	3328
3431	203	90345810	0	1553	3329
3432	203	90345810	0	1553	3330
3433	203	90345810	0	1553	3331
3434	203	90345810	0	1553	3332
3435	203	90345810	0	1553	3333
3436	203	90345810	0	1553	3334
3437	203	90345810	0	1553	3335
3438	203	90345810	0	1553	3336
3439	203	90345810	0	1553	3337
3440	203	90345810	0	1553	3338
3441	203	90345810	0	1553	3339
3442	203	90345810	0	1553	3340
3443	203	90345810	0	1553	3341
3444	203	90345810	0	1553	3342
3445	203	90345810	0	1553	3343
3446	203	90345810	0	1553	3344
3447	203	90345810	0	1553	3345
3448	203	90345810	0	1553	3346
3449	203	90345810	0	1553	3347
3450	203	90345810	0	1553	3348
3451	203	90345810	0	1553	3349
3452	203	90345810	0	1553	3350
3453	203	90345810	0	1553	3351
3454	203	90345810	0	1553	3352
3455	203	90345810	0	1553	3353
3456	203	90345810	0	1553	3354
3457	203	90345810	0	1553	3355
3458	203	90345810	0	1553	3356
3459	203	90345810	0	1553	3357
3460	203	90345810	0	1553	3358
3461	203	90345810	0	1553	3359
3462	203	90345810	0	1553	3360
3463	203	90345810	0	1553	3361
3464	203	90345810	0	1553	3362
3465	203	90345810	0	1553	3363
3466	203	90345810	0	1553	3364
3467	203	90345810	0	1553	3365
3468	203	90345810	0	1553	3366
3469	203	90345810	0	1553	3367
3470	203	90345810	0	1553	3368
3471	203	90345810	0	1553	3369
3472	203	90345810	0	1553	3370
3473	203	90345810	0	1553	3371
3474	203	90345810	0	1553	3372
3475	203	90345810	0	1553	3373
3476	203	90345810	0	1553	3374
3477	203	90345810	0	1553	3375
3478	203	90345810	0	1553	3376
3479	203	90345810	0	1553	3377
3480	203	90345810	0	1553	3378
3481	203	90345810	0	1553	3379
3482	203	90345810	0	1553	3380
3483	203	90345810	0	1553	3381
3484	203	90345810	0	1553	3382
3485	203	90345810	0	1553	3383
3486	203	90345810	0	1553	3384
3487	203	90345810	0	1553	3385
3488	203	90345810	0	1553	3386
3489	203	90345810	0	1553	3387
3490	203	90345810	0	1553	3388
3491	203	90345810	0	1553	3389
3492	203	90345810	0	1553	3390
3493	203	90345810	0	1553	3391
3494	203	90345810	0	1553	3392
3495	203	90345810	0	1553	3393
3496	203	90345810	0	1553	3394
3497	203	90345810	0	1553	3395
3498	203	90345810	0	1553	3396
3499	203	90345810	0	1553	3397
3500	203	90345810	0	1553	3398
3501	203	90345810	0	1553	3399
3502	203	90345810	0	1553	3400
3503	203	90345810	0	1553	3401
3504	203	90345810	0	1553	3402
3505	203	90345810	0	1553	3403
3506	203	90345810	0	1553	3404
3507	203	90345810	0	1553	3405
3508	203	90345810	0	1553	3406
3509	203	90345810	0	1553	3407
3510	203	90345810	0	1553	3408
3511	203	90345810	0	1553	3409
3512	203	90345810	0	1553	3410
3513	203	90345810	0	1553	3411
3514	203	90345810	0	1553	3412
3515	203	90345810	0	1553	3413
3516	203	90345810	0	1553	3414
3517	203	90345810	0	1553	3415
3518	203	90345810	0	1553	3416
3519	203	90345810	0	1553	3417
3520	203	90345810	0	1553	3418
3521	203	90345810	0	1553	3419
3522	203	90345810	0	1553	3420
3523	203	90345810	0	1553	3421
3524	203	90345810	0	1553	3422
3525	203	90345810	0	1553	3423
3526	203	90345810	0	1553	3424
3527	203	90345810	0	1553	3425
3528	203	90345810	0	1553	3426
3529	203	90345810	0	1553	3427
3530	203	90345810	0	1553	3428
3531	203	90345810	0	1553	3429
3532	203	90345810	0	1553	3430
3533	203	90345810	0	1553	3431
3534	203	90345810	0	1553	3432
3535	203	90345810	0	1553	3433
3536	203	90345810	0	1553	3434
3537	203	90345810	0	1553	3435
3538	203	90345810	0	1553	3436
3539	203	90345810	0	1553	3437
3540	203	90345810	0	1553	3438
3541	203	90345810	0	1553	3439
3542	203	90345810	0	1553	3440
3543	203	90345810	0	1553	3441
3544	203	90345810	0	1553	3442
3545	203	90345810	0	1553	3443
3546	203	90345810	0	1553	3444
3547	203	90345810	0	1553	3445
3548	203	90345810	0	1553	3446
3549	203	90345810	0	1553	3447
3550	203	90345810	0	1553	3448
3551	203	90345810	0	1553	3449
3552	203	90345810	0	1553	3450
3553	203	90345810	0	1553	3451
3554	203	90345810	0	1553	3452
3555	203	90345810	0	1553	3453
3556	203	90345810	0	1553	3454
3557	203	90345810	0	1553	3455
3558	203	90345810	0	1553	3456
3559	203	90345810	0	1553	3457
3560	203	90345810	0	1553	3458
3561	203	90345810	0	1553	3459
3562	203	90345810	0	1553	3460
3563	203	90345810	0	1553	3461
3564	203	90345810	0	1553	3462
3565	203	90345810	0	1553	3463
3566	203	90345810	0	1553	3464
3567	203	90345810	0	1553	3465
3568	203	90345810	0	1553	3466
3569	203	90345810	0	1553	3467
3570	203	90345810	0	1553	3468
3571	203	90345810	0	1553	3469
3572	203	90345810	0	1553	3470
3573	203	90345810	0	1553	3471
3574	203	90345810	0	1553	3472
3575	203	90345810	0	1553	3473
3576	203	90345810	0	1553	3474
3577	203	90345810	0	1553	3475
3578	203	90345810	0	1553	3476
3579	203	90345810	0	1553	3477
3580	203	90345810	0	1553	3478
3581	203	90345810	0	1553	3479
3582	203	90345810	0	1553	3480
3583	203	90345810	0	1553	3481
3584	203	90345810	0	1553	3482
3585	203	90345810	0	1553	3483
3586	203	90345810	0	1553	3484
3587	203	90345810	0	1553	3485
3588	203	90345810	0	1553	3486
3589	203	90345810	0	1553	3487
3590	203	90345810	0	1553	3488
3591	203	90345810	0	1553	3489
3592	203	90345810	0	1553	3490
3593	203	90345810	0	1553	3491
3594	203	90345810	0	1553	3492
3595	203	90345810	0	1553	3493
3596	203	90345810	0	1553	3494
3597	203	90345810	0	1553	3495
3598	203	90345810	0	1553	3496
3599	203	90345810	0	1553	3497
3600	203	90345810	0	1553	3498
3601	203	90345810	0	1553	3499
3602	203	90345810	0	1553	3500
3603	203	90345810	0	1553	3501
3604	203	90345810	0	1553	3502
3605	203	90345810	0	1553	3503
3606	203	90345810	0	1553	3504
3607	203	90345810	0	1553	3505
3608	203	90345810	0	1553	3506
3609	203	90345810	0	1553	3507
3610	203	90345810	0	1553	3508
3611	203	90345810	0	1553	3509
3612	203	90345810	0	1553	3510
3613	203	90345810	0	1553	3511
3614	203	90345810	0	1553	3512
3615	203	90345810	0	1553	3513
3616	203	90345810	0	1553	3514
3617	203	90345810	0	1553	3515
3618	203	90345810	0	1553	3516
3619	203	90345810	0	1553	3517
3620	203	90345810	0	1553	3518
3621	203	90345810	0	1553	3519
3622	203	90345810	0	1553	3520
3623	203	90345810	0	1553	3521
3624	203	90345810	0	1553	3522
3625	203	90345810	0	1553	3523
3626	203	90345810	0	1553	3524
3627	203	90345810	0	1553	3525
3628	203	90345810	0	1553	3526
3629	203	90345810	0	1553	3527
3630	203	90345810	0	1553	3528
3631	203	90345810	0	1553	3529
3632	203	90345810	0	1553	3530
3633	203	90345810	0	1553	3531
3634	203	90345810	0	1553	3532
3635	203	90345810	0	1553	3533
3636	203	90345810	0	1553	3534
3637	203	90345810	0	1553	3535
3638	203	90345810	0	1553	3536
3639	203	90345810	0	1553	3537
3640	203	90345810	0	1553	3538
3641	203	90345810	0	1553	3539
3642	203	90345810	0	1553	3540
3643	203	90345810	0	1553	3541
3644	203	90345810	0	1553	3542
3645	203	90345810	0	1553	3543
3646	203	90345810	0	1553	3544
3647	203	90345810	0	1553	3545
3648	203	90345810	0	1553	3546
3649	203	90345810	0	1553	3547
3650	203	90345810	0	1553	3548
3651	203	90345810	0	1553	3549
3652	203	90345810	0	1553	3550
3653	203	90345810	0	1553	3551
3654	203	90345810	0	1553	3552
3655	203	90345810	0	1553	3553
3656	203	90345810	0	1553	3554
3657	203	90345810	0	1553	3555
3658	203	90345810	0	1553	3556
3659	203	90345810	0	1553	3557
3660	203	90345810	0	1553	3558
3661	203	90345810	0	1553	3559
3662	203	90345810	0	1553	3560
3663	203	90345810	0	1553	3561
3664	203	90345810	0	1553	3562
3665	203	90345810	0	1553	3563
3666	203	90345810	0	1553	3564
3667	203	90345810	0	1553	3565
3668	203	90345810	0	1553	3566
3669	203	90345810	0	1553	3567
3670	203	90345810	0	1553	3568
3671	203	90345810	0	1553	3569
3672	203	90345810	0	1553	3570
3673	203	90345810	0	1553	3571
3674	203	90345810	0	1553	3572
3675	203	90345810	0	1553	3573
3676	203	90345810	0	1553	3574
3677	203	90345810	0	1553	3575
3678	203	90345810	0	1553	3576
3679	203	90345810	0	1553	3577
3680	203	90345810	0	1553	3578
3681	203	90345810	0	1553	3579
3682	203	90345810	0	1553	3580
3683	203	90345810	0	1553	3581
3684	203	90345810	0	1553	3582
3685	203	90345810	0	1553	3583
3686	203	90345810	0	1553	3584
3687	203	90345810	0	1553	3585
3688	203	90345810	0	1553	3586
3689	203	90345810	0	1553	3587
3690	203	90345810	0	1553	3588
3691	203	90345810	0	1553	3589
3692	203	90345810	0	1553	3590
3693	203	90345810	0	1553	3591
3694	203	90345810	0	1553	3592
3695	203	90345810	0	1553	3593
3696	203	90345810	0	1553	3594
3697	203	90345810	0	1553	3595
3698	203	90345810	0	1553	3596
3699	203	90345810	0	1553	3597
3700	203	90345810	0	1553	3598
3701	203	90345810	0	1553	3599
3702	203	90345810	0	1553	3600
3703	203	90345810	0	1553	3601
3704	203	90345810	0	1553	3602
3705	203	90345810	0	1553	3603
3706	203	90345810	0	1553	3604
3707	203	90345810	0	1553	3605
3708	203	90345810	0	1553	3606
3709	203	90345810	0	1553	3607
3710	203	90345810	0	1553	3608
3711	203	90345810	0	1553	3609
3712	203	90345810	0	1553	3610
3713	203	90345810	0	1553	3611
3714	203	90345810	0	1553	3612
3715	203	90345810	0	1553	3613
3716	203	90345810	0	1553	3614
3717	203	90345810	0	1553	3615
3718	203	90345810	0	1553	3616
3719	203	90345810	0	1553	3617
3720	203	90345810	0	1553	3618
3721	203	90345810	0	1553	3619
3722	203	90345810	0	1553	3620
3723	203	90345810	0	1553	3621
3724	203	90345810	0	1553	3622
3725	203	90345810	0	1553	3623
3726	203	90345810	0	1553	3624
3727	203	90345810	0	1553	3625
3728	203	90345810	0	1553	3626
3729	203	90345810	0	1553	3627
3730	203	90345810	0	1553	3628
3731	203	90345810	0	1553	3629
3732	203	90345810	0	1553	3630
3733	203	90345810	0	1553	3631
3734	203	90345810	0	1553	3632
3735	203	90345810	0	1553	3633
3736	203	90345810	0	1553	3634
3737	203	90345810	0	1553	3635
3738	203	90345810	0	1553	3636
3739	203	90345810	0	1553	3637
3740	203	90345810	0	1553	3638
3741	203	90345810	0	1553	3639
3742	203	90345810	0	1553	3640
3743	203	90345810	0	1553	3641
3744	203	90345810	0	1553	3642
3745	203	90345810	0	1553	3643
3746	203	90345810	0	1553	3644
3747	203	90345810	0	1553	3645
3748	203	90345810	0	1553	3646
3749	203	90345810	0	1553	3647
3750	203	90345810	0	1553	3648
3751	203	90345810	0	1553	3649
3752	203	90345810	0	1553	3650
3753	203	90345810	0	1553	3651
3754	203	90345810	0	1553	3652
3755	203	90345810	0	1553	3653
3756	203	90345810	0	1553	3654
3757	203	90345810	0	1553	3655
3758	203	90345810	0	1553	3656
3759	203	90345810	0	1553	3657
3760	203	90345810	0	1553	3658
3761	203	90345810	0	1553	3659
3762	203	90345810	0	1553	3660
3763	203	90345810	0	1553	3661
3764	203	90345810	0	1553	3662
3765	203	90345810	0	1553	3663
3766	203	90345810	0	1553	3664
3767	203	90345810	0	1553	3665
3768	203	90345810	0	1553	3666
3769	203	90345810	0	1553	3667
3770	203	90345810	0	1553	3668
3771	203	90345810	0	1553	3669
3772	203	90345810	0	1553	3670
3773	203	90345810	0	1553	3671
3774	203	90345810	0	1553	3672
3775	203	90345810	0	1553	3673
3776	203	90345810	0	1553	3674
3777	203	90345810	0	1553	3675
3778	203	90345810	0	1553	3676
3779	203	90345810	0	1553	3677
3780	203	90345810	0	1553	3678
3781	203	90345810	0	1553	3679
3782	203	90345810	0	1553	3680
3783	203	90345810	0	1553	3681
3784	203	90345810	0	1553	3682
3785	203	90345810	0	1553	3683
3786	203	90345810	0	1553	3684
3787	203	90345810	0	1553	3685
3788	203	90345810	0	1553	3686
3789	203	90345810	0	1553	3687
3790	203	90345810	0	1553	3688
3791	203	90345810	0	1553	3689
3792	203	90345810	0	1553	3690
3793	203	90345810	0	1553	3691
3794	203	90345810	0	1553	3692
3795	203	90345810	0	1553	3693
3796	203	90345810	0	1553	3694
3797	203	90345810	0	1553	3695
3798	203	90345810	0	1553	3696
3799	203	90345810	0	1553	3697
3800	203	90345810	0	1553	3698
3801	203	90345810	0	1553	3699
3802	203	90345810	0	1553	3700
3803	203	90345810	0	1553	3701
3804	203	90345810	0	1553	3702
3805	203	90345810	0	1553	3703
3806	203	90345810	0	1553	3704
3807	203	90345810	0	1553	3705
3808	203	90345810	0	1553	3706
3809	203	90345810	0	1553	3707
3810	203	90345810	0	1553	3708
3811	203	90345810	0	1553	3709
3812	203	90345810	0	1553	3710
3813	203	90345810	0	1553	3711
3814	203	90345810	0	1553	3712
3815	203	90345810	0	1553	3713
3816	203	90345810	0	1553	3714
3817	203	90345810	0	1553	3715
3818	203	90345810	0	1553	3716
3819	203	90345810	0	1553	3717
3820	203	90345810	0	1553	3718
3821	203	90345810	0	1553	3719
3822	203	90345810	0	1553	3720
3823	203	90345810	0	1553	3721
3824	203	90345810	0	1553	3722
3825	203	90345810	0	1553	3723
3826	203	90345810	0	1553	3724
3827	203	90345810	0	1553	3725
3828	203	90345810	0	1553	3726
3829	203	90345810	0	1553	3727
3830	203	90345810	0	1553	3728
3831	203	90345810	0	1553	3729
3832	203	90345810	0	1553	3730
3833	203	90345810	0	1553	3731
3834	203	90345810	0	1553	3732
3835	203	90345810	0	1553	3733
3836	203	90345810	0	1553	3734
3837	203	90345810	0	1553	3735
3838	203	90345810	0	1553	3736
3839	203	90345810	0	1553	3737
3840	203	90345810	0	1553	3738
3841	203	90345810	0	1553	3739
3842	203	90345810	0	1553	3740
3843	203	90345810	0	1553	3741
3844	203	90345810	0	1553	3742
3845	203	90345810	0	1553	3743
3846	203	90345810	0	1553	3744
3847	203	90345810	0	1553	3745
3848	203	90345810	0	1553	3746
3849	203	90345810	0	1553	3747
3850	203	90345810	0	1553	3748
3851	203	90345810	0	1553	3749
3852	203	90345810	0	1553	3750
3853	203	90345810	0	1553	3751
3854	203	90345810	0	1553	3752
3855	203	90345810	0	1553	3753
3856	203	90345810	0	1553	3754
3857	203	90345810	0	1553	3755
3858	203	90345810	0	1553	3756
3859	203	90345810	0	1553	3757
3860	203	90345810	0	1553	3758
3861	203	90345810	0	1553	3759
3862	203	90345810	0	1553	3760
3863	203	90345810	0	1553	3761
3864	203	90345810	0	1553	3762
3865	203	90345810	0	1553	3763
3866	203	90345810	0	1553	3764
3867	203	90345810	0	1553	3765
3868	203	90345810	0	1553	3766
3869	203	90345810	0	1553	3767
3870	203	90345810	0	1553	3768
3871	203	90345810	0	1553	3769
3872	203	90345810	0	1553	3770
3873	203	90345810	0	1553	3771
3874	203	90345810	0	1553	3772
3875	203	90345810	0	1553	3773
3876	203	90345810	0	1553	3774
3877	203	90345810	0	1553	3775
3878	203	90345810	0	1553	3776
3879	203	90345810	0	1553	3777
3880	203	90345810	0	1553	3778
3881	203	90345810	0	1553	3779
3882	203	90345810	0	1553	3780
3883	203	90345810	0	1553	3781
3884	203	90345810	0	1553	3782
3885	203	90345810	0	1553	3783
3886	203	90345810	0	1553	3784
3887	203	90345810	0	1553	3785
3888	203	90345810	0	1553	3786
3889	203	90345810	0	1553	3787
3890	203	90345810	0	1553	3788
3891	203	90345810	0	1553	3789
3892	203	90345810	0	1553	3790
3893	203	90345810	0	1553	3791
3894	203	90345810	0	1553	3792
3895	203	90345810	0	1553	3793
3896	203	90345810	0	1553	3794
3897	203	90345810	0	1553	3795
3898	203	90345810	0	1553	3796
3899	203	90345810	0	1553	3797
3900	203	90345810	0	1553	3798
3901	203	90345810	0	1553	3799
3902	203	90345810	0	1553	3800
3903	203	90345810	0	1553	3801
3904	203	90345810	0	1553	3802
3905	203	90345810	0	1553	3803
3906	203	90345810	0	1553	3804
3907	203	90345810	0	1553	3805
3908	203	90345810	0	1553	3806
3909	203	90345810	0	1553	3807
3910	203	90345810	0	1553	3808
3911	203	90345810	0	1553	3809
3912	203	90345810	0	1553	3810
3913	203	90345810	0	1553	3811
3914	203	90345810	0	1553	3812
3915	203	90345810	0	1553	3813
3916	203	90345810	0	1553	3814
3917	203	90345810	0	1553	3815
3918	203	90345810	0	1553	3816
3919	203	90345810	0	1553	3817
3920	203	90345810	0	1553	3818
3921	203	90345810	0	1553	3819
3922	203	90345810	0	1553	3820
3923	203	90345810	0	1553	3821
3924	203	90345810	0	1553	3822
3925	203	90345810	0	1553	3823
3926	203	90345810	0	1553	3824
3927	203	90345810	0	1553	3825
3928	203	90345810	0	1553	3826
3929	203	90345810	0	1553	3827
3930	203	90345810	0	1553	3828
3931	203	90345810	0	1553	3829
