code,date,src,bid_peak,eligible_count,base_peak,have_days,base_all_hogaplay,base_min_eligible,ratio,name,market,is_etf,same_source,open,high,low,close,volume,ret_d,body_d,ret5_pre,ret20_pre,ret_rs,adv20,vol_ratio20,hi52,prior_hi20,fwd1,fwd3,fwd5,fwd10,fwd20,fwd1_o,fwd3_o,fwd5_o,fwd10_o,fwd20_o,gap_next,fwd_max_high,fwd_min_low,fwd_min_close,ma5,ma20,ma60,ma120,mfe10,mae10,support_low_held,support_close_held,resist_broken,breakout_on_d,pct_of_hi52,above_ma5,above_ma20,above_ma60,above_ma120,ma_bull_align,rs_pct,open_right,high_right,low_right,close_right,ix_ret1,ix_body,ix_ret5_pre,ix_ret20_pre,ix_above_ma20,ix_above_ma60,ix_fwd1,ix_fwd3,ix_fwd5,ix_fwd10,ix_fwd20,leader_rs,leader_user,leader_bucket,ratio_bucket,ix_mom5,ix_candle,ix_trend,d_candle,ma_state,ma_pos,hi52_pos,xs1,xs3,xs5,xs10,xs20,peak_tod,peak_tod_bucket
000270,20260409,hogaplay,36757,48736,20845,10,true,3392,1.7633485248260974,기아,KOSPI,false,true,159300.0,163200.0,149100.0,150500.0,1896387,-0.05464824120603018,-0.05524168236032643,-0.0006640106241699861,-0.09880239520958078,0.46829268292682924,181620622245.0,1.6972897371040023,212500.0,176300.0,-0.009966777408637828,-0.008637873754152814,0.049169435215946855,0.05249169435215939,0.16079734219269093,-0.03246753246753242,-0.03116883116883118,0.025324675324675416,0.02857142857142847,0.13441558441558432,0.023255813953488413,164800.0,145700.0,147400.0,152460.0,158030.0,160818.33333333334,139332.5,0.09501661129568095,-0.03189368770764123,false,false,false,false,0.7082352941176471,false,false,false,true,false,0.5295081967213114,5826.45,5862.41,5757.49,5778.01,-0.016063443193003124,-0.008313810296149388,0.103927169209312,0.03488290870012989,true,true,0.013994437531260617,0.032838295537737094,0.07754226801268937,0.12076822296949996,0.353794818631328,false,true,비주도주,1.5–2.0×,지수 5일 상승,지수 음봉,지수>MA20,당일 음봉,비정배열,MA20 아래,52주 고가 20%+ 아래,-0.023961214939898445,-0.04147616929188991,-0.02837283279674252,-0.06827652861734057,-0.19299747643863707,15:16,14:00–15:30
000270,20260724,hogaplay,30224,58190,12552,10,true,4911,2.4079031230082855,기아,KOSPI,false,true,146300.0,146800.0,129500.0,130500.0,1512716,-0.1288384512683578,-0.10799726589200273,-0.12825651302605212,-0.06451612903225812,-0.15914948453608246,158028236430.0,1.4265601144630986,212500.0,162900.0,-0.0007662835249042654,-0.0773946360153257,0.01072796934865905,0.03371647509578546,0.00766283524904221,-0.020285499624342562,-0.09541697971450036,-0.009015777610818954,0.013523666416228375,-0.012021036814425234,0.01992337164750957,135800.0,114700.0,120400.0,142340.0,145280.0,155561.66666666666,158250.0,0.0406130268199234,-0.12107279693486594,false,false,false,false,0.6141176470588235,false,false,false,false,false,0.36432160804020103,7000.78,7000.78,6650.41,6690.62,-0.057246202209700336,-0.044303634737843475,-0.019056974459724985,-0.25079560597068407,false,false,0.009734523855786215,-0.15355527589371387,-0.014224391760404909,-0.0645455877033817,0.0009475952901225604,false,true,비주도주,2.0–3.0×,지수 5일 하락,지수 음봉,지수<MA20,당일 음봉,비정배열,MA20 아래,52주 고가 20%+ 아래,-0.01050080738069048,0.07616063987838817,0.02495236110906396,0.09826206279916716,0.00671523995891965,15:03,14:00–15:30
000270,20260827,hogaplay,52199,62205,27778,10,true,29844,1.8791489668082655,기아,KOSPI,false,true,133000.0,134600.0,125000.0,126100.0,1435376,-0.04033485540334858,-0.0518796992481203,-0.038138825324180003,0.047342192691029794,-0.19527760051052967,109236028765.0,1.6997853443345572,212500.0,142400.0,0.015067406819984086,0.04044409199048382,,,,0.014263074484944571,0.03961965134706813,,,,0.0007930214115781098,,,,130960.0,132700.0,143491.66666666666,151675.83333333334,,,,,,false,0.5934117647058823,false,false,false,false,false,0.21534653465346534,6996.12,6996.12,6841.88,6912.37,0.015299175554220446,-0.011970921024796601,0.008725180880777783,0.22056808470063083,true,false,-0.017865073773539297,-0.011077242682321686,-0.03618585231982663,,,false,true,비주도주,1.5–2.0×,지수 5일 상승,지수 음봉,지수>MA20,당일 음봉,비정배열,MA20 아래,52주 고가 20%+ 아래,0.03293248059352338,0.05152133467280551,,,,14:36,14:00–15:30
000500,20260612,hogaplay,13239,47089,3990,10,true,1541,3.318045112781955,가온전선,KOSPI,false,true,347000.0,347000.0,246500.0,252000.0,770714,-0.2222222222222222,-0.2737752161383285,-0.17781402936378465,-0.500990099009901,2.3333333333333335,72920342650.0,4.192029197358205,635000.0,635000.0,0.0,0.35317460317460325,0.3392857142857142,0.3055555555555556,0.009920634920634885,-0.0561797752808989,0.27715355805243447,0.2640449438202248,0.23220973782771526,-0.04681647940074907,0.059523809523809534,429500.0,246500.0,252000.0,299400.0,352300.0,242178.33333333334,166596.66666666666,0.7043650793650793,-0.02182539682539686,true,true,false,false,0.3968503937007874,false,false,true,true,false,0.9303904923599321,8263.85,8434.4,8079.77,8123.62,0.046325646095093376,-0.01696908825789438,-0.004530309695745083,0.03564630845702643,true,true,0.05199159980402812,0.0911687154248968,0.1143332652192004,0.03540170515115171,-0.07972800303313055,true,false,주도주(RS상위20%),≥3.0×,지수 5일 하락,지수 음봉,지수>MA20,당일 음봉,비정배열,MA20 아래,52주 고가 20%+ 아래,-0.05199159980402812,0.26200588774970646,0.2249524490665138,0.2701538504044039,0.08964863795376543,14:04,14:00–15:30
000660,20260610,hogaplay,70314,69984,46236,10,true,3136,1.5207630417856215,SK하이닉스,KOSPI,false,true,2137000.0,2180000.0,1992000.0,2048000.0,4928269,-0.0753950338600452,-0.0416471689284043,-0.1322033898305085,0.08936170212765959,2.618374558303887,12280165450200.0,0.8059893515287273,2407000.0,2407000.0,0.02587890625,0.1171875,0.23095703125,0.259765625,0.013671875,0.06379746835443045,0.1584810126582279,0.27645569620253174,0.3063291139240507,0.05113924050632912,-0.03564453125,2945000.0,1960000.0,2101000.0,2108400.0,2049650.0,1431533.3333333333,1108166.6666666667,0.43798828125,-0.04296875,false,true,true,false,0.8508516825924387,false,false,true,true,true,0.9584664536741214,7899.77,7996.68,7541.11,7730.82,-0.04521590281748766,-0.021386698600085918,-0.12164644849906092,-0.011687189347296956,false,true,0.004285444493598467,0.10544288962878445,0.14661057947281142,0.09574663489772117,-0.06261043459814086,true,false,주도주(RS상위20%),1.5–2.0×,지수 5일 하락,지수 음봉,지수<MA20,당일 음봉,정배열,MA20 아래,52주 고가 5–20% 아래,0.021593461756401533,0.011744610371215547,0.08434645177718858,0.16401899010227883,0.07628230959814086,14:42,14:00–15:30
000720,20260602,hogaplay,30665,47272,15806,10,true,2252,1.9400860432747058,현대건설,KOSPI,false,true,135900.0,137000.0,129500.0,134200.0,909449,-0.03383729301655869,-0.012509197939661517,-0.11710526315789471,-0.17058096415327562,1.0364188163884673,163716998755.0,0.8373547258849148,198400.0,175500.0,0.017883755588673722,-0.13189269746646792,-0.029061102831594687,0.03800298062593144,-0.11326378539493298,0.034848484848484906,-0.11742424242424243,-0.012878787878787934,0.05530303030303041,-0.09848484848484851,-0.016393442622950838,157700.0,115100.0,116500.0,141020.0,151810.0,159698.33333333334,128906.66666666667,0.17511177347242923,-0.14232488822652756,false,false,false,false,0.6764112903225806,false,false,false,true,false,0.81169757489301,8883.19,8933.62,8503.12,8801.49,0.0014917425054448152,-0.009197146520563077,0.09369109202722337,0.33378745148790623,true,true,-0.018415063813058907,-0.14964284456381816,-0.12164644849906092,0.007129474668493563,-0.056590418213279814,true,true,주도주(RS상위20%),1.5–2.0×,지수 5일 상승,지수 음봉,지수>MA20,당일 음봉,비정배열,MA20 아래,52주 고가 20%+ 아래,0.03629881940173263,0.017750147097350233,0.09258534566746623,0.030873505957437875,-0.05667336718165317,09:52,09:00–10:00
003490,20260403,hogaplay,426174,47753,229314,10,true,3028,1.858473534106073,대한항공,KOSPI,false,true,23600.0,23700.0,22800.0,23000.0,2263802,-0.008620689655172376,-0.025423728813559324,-0.09090909090909094,-0.061224489795918324,0.013215859030837107,57860220530.0,0.9383365108929816,29750.0,26350.0,0.006521739130434856,0.08478260869565224,0.07391304347826089,0.08913043478260874,0.0652173913043479,0.0,0.0777537796976242,0.06695464362850978,0.08207343412527002,0.05831533477321815,0.006521739130434856,25500.0,22850.0,23100.0,23760.0,24470.0,24310.0,23246.25,0.10869565217391308,-0.006521739130434745,true,true,false,false,0.773109243697479,false,false,false,false,false,0.18064516129032257,5375.5,5419.45,5316.42,5377.3,0.02736886349958456,0.00033485257185381486,-0.011320366179004004,-0.03716648731304395,false,true,0.013581165268815143,0.09206107154148002,0.08955609692596656,0.15149238465400838,0.29005076897327653,false,false,비주도주,1.5–2.0×,지수 5일 하락,지수 양봉,지수<MA20,당일 음봉,비정배열,MA20 아래,52주 고가 20%+ 아래,-0.007059426138380287,-0.007278462845827782,-0.015643053447705668,-0.06236194987139965,-0.22483337766892864,15:02,14:00–15:30
004370,20260715,hogaplay,2811,8117,1491,10,true,4481,1.8853118712273642,농심,KOSPI,false,true,354000.0,357000.0,339000.0,342500.0,25750,-0.022824536376604865,-0.03248587570621469,-0.05386740331491713,-0.06929347826086951,-0.16969696969696968,9364948600.0,0.9809000662821792,579000.0,375500.0,0.020437956204379493,0.01751824817518255,0.06277372262773717,0.12992700729926998,0.13722627737226278,0.01304347826086949,0.010144927536231974,0.05507246376811592,0.12173913043478257,0.1289855072463768,0.007299270072992803,398500.0,337000.0,348500.0,350900.0,348625.0,370016.6666666667,384633.3333333333,0.16350364963503639,-0.016058394160583966,false,true,true,false,0.5915371329879102,false,false,false,false,false,0.2574712643678161,7082.91,7424.18,7082.91,7284.41,0.06235826176235948,0.028448759055247068,0.005191263994126949,-0.17822509318339752,false,false,-0.06367159454231697,-0.07364494859569959,-0.025742647654374173,-0.23211900483361037,-0.0646682435502669,false,false,비주도주,1.5–2.0×,지수 5일 상승,지수 양봉,지수<MA20,당일 음봉,비정배열,MA20 아래,52주 고가 20%+ 아래,0.08410955074669646,0.09116319677088214,0.08851637028211135,0.36204601213288035,0.20189452092252969,15:00,14:00–15:30
005290,20260303,hogaplay,68722,33671,33118,10,true,17253,2.0750649193791895,동진쎄미켐,KOSDAQ,false,true,53400.0,57900.0,52500.0,52900.0,1342237,-0.03642987249544627,-0.009363295880149813,0.007619047619047636,0.09184726522187825,0.7662771285475793,49030108595.0,1.3868791130831213,59700.0,59700.0,-0.14650283553875232,0.03969754253308122,-0.005671077504725952,-0.06899810964083175,-0.16351606805293006,-0.12669245647969052,0.06382978723404253,0.01740812379110257,-0.047388781431334626,-0.1441005802707931,-0.022684310018903586,55500.0,45000.0,45150.0,53960.0,53035.0,43862.5,40927.083333333336,0.04914933837429114,-0.1493383742911153,false,false,false,false,0.8860971524288107,false,false,true,true,true,0.6859838274932615,1169.82,1215.67,1137.7,1137.7,-0.04617783665051389,-0.0274572156400129,-0.012404621567895568,0.0036876279201072393,false,true,-0.13998417860595935,0.014916058714951275,-0.000017579326711758547,-0.000668014415047935,-0.07498461808912715,false,false,비주도주,2.0–3.0×,지수 5일 하락,지수 음봉,지수<MA20,당일 음봉,정배열,MA20 아래,52주 고가 5–20% 아래,-0.0065186569327929655,0.024781483818129946,-0.0056534981780141935,-0.06833009522578382,-0.08853144996380291,,
005380,20260827,hogaplay,98579,73017,44370,10,true,42478,2.22174892945684,현대차,KOSPI,false,true,411000.0,414000.0,395000.0,398000.0,1150372,-0.02450980392156865,-0.031630170316301706,-0.04670658682634732,0.1258840169731259,-0.2055888223552894,269122468325.0,1.6932333706680949,783000.0,459500.0,0.0037688442211054607,0.00628140703517599,,,,0.0012531328320801727,0.003759398496240518,,,,0.002512562814070307,,,,411200.0,406950.0,479216.6666666667,517170.8333333333,,,,,,false,0.508301404853129,false,false,false,false,false,0.2079207920792079,6996.12,6996.12,6841.88,6912.37,0.015299175554220446,-0.011970921024796601,0.008725180880777783,0.22056808470063083,true,false,-0.017865073773539297,-0.011077242682321686,-0.03618585231982663,,,false,false,비주도주,2.0–3.0×,지수 5일 상승,지수 음봉,지수>MA20,당일 음봉,비정배열,MA20 아래,52주 고가 20%+ 아래,0.021633917994644758,0.017358649717497676,,,,13:00,12:00–14:00
005490,20260323,hogaplay,49747,44754,31326,9,true,2417,1.5880418821426292,POSCO홀딩스,KOSPI,false,true,333000.0,340000.0,325000.0,325000.0,445916,-0.05385735080058229,-0.024024024024024024,-0.025487256371814038,-0.17512690355329952,0.1423550087873462,182002846800.0,0.8847273737704114,427500.0,427500.0,0.04461538461538472,0.05384615384615388,0.055384615384615365,0.0738461538461539,0.19846153846153847,0.008915304606240682,0.017830609212481363,0.019316493313521477,0.03714710252600306,0.1575037147102527,0.03538461538461535,362000.0,327000.0,332500.0,339700.0,357575.0,347408.3333333333,324958.3333333333,0.11384615384615393,0.006153846153846176,true,true,false,false,0.7602339181286549,false,false,false,true,false,0.3240058910162003,5580.15,5580.15,5397.94,5405.75,-0.0649432643741783,-0.03125364013512175,-0.025964665711685986,-0.06934284578025762,false,true,0.027409702631457256,0.010120704805068659,-0.023761735189381628,0.008246774268140467,0.150458308282847,false,true,비주도주,1.5–2.0×,지수 5일 하락,지수 음봉,지수<MA20,당일 음봉,비정배열,MA20 아래,52주 고가 20%+ 아래,0.017205681983927468,0.04372544904108522,0.07914635057399699,0.06559937957801343,0.04800323017869146,,
006650,20260810,hogaplay,4018,13090,2549,10,true,6381,1.5763044331110239,대한유화,KOSPI,false,true,93300.0,93300.0,89400.0,91600.0,55960,-0.022411953041622246,-0.01822079314040729,0.05773672055427248,-0.13584905660377355,-0.3802435723951285,2815606515.0,1.9724088342485742,202500.0,112100.0,-0.018558951965065518,-0.03384279475982532,-0.05676855895196509,-0.10480349344978168,,-0.009911894273127775,-0.025330396475770955,-0.048458149779735726,-0.09691629955947134,,-0.008733624454148492,92600.0,79300.0,80300.0,91200.0,95215.0,113561.66666666667,132614.16666666666,0.01091703056768556,-0.13427947598253276,false,false,false,false,0.4523456790123457,true,false,false,false,false,,6306.33,6394.06,6232.45,6299.66,0.0065332325680604875,-0.0010576674547637171,0.006745559293322323,-0.15734208674761962,false,false,0.007281345342446954,0.08154090855696983,0.09050805916509774,0.07033395453087943,,,false,유니버스 밖,1.5–2.0×,지수 5일 상승,지수 음봉,지수<MA20,당일 음봉,비정배열,MA20 아래,52주 고가 20%+ 아래,-0.025840297307512472,-0.11538370331679515,-0.14727661811706283,-0.1751374479806611,,,
006800,20251106,hogaplay,638778,93281,232503,10,true,46227,2.7473968077831254,미래에셋증권,KOSPI,false,true,25500.0,25550.0,22100.0,23650.0,16831431,-0.0444444444444444,-0.07254901960784314,-0.0797665369649806,0.08986175115207384,0.876984126984127,111325513430.0,4.246857598873414,27800.0,27800.0,-0.023255813953488413,-0.029598308668076112,0.038054968287526414,-0.059196617336152224,-0.07822410147991543,-0.002159827213822907,-0.008639308855291628,0.06047516198704095,-0.0388768898488121,-0.05831533477321815,-0.02114164904862581,24900.0,21450.0,21900.0,25570.0,24025.0,21350.166666666668,19968.833333333332,0.052854122621564414,-0.09302325581395354,false,false,false,false,0.8507194244604317,false,false,true,true,true,0.7944111776447106,4092.46,4111.96,3985.29,4026.45,0.005501420929872491,-0.01612966284337543,-0.01478875134882518,0.13446372573051457,true,true,-0.018053123719405373,0.019853717294390893,0.03580821815743396,-0.005364527064784075,0.0005116169330303677,false,false,비주도주,2.0–3.0×,지수 5일 하락,지수 음봉,지수>MA20,당일 음봉,정배열,MA20 아래,52주 고가 5–20% 아래,-0.0052026902340830405,-0.049452025962467006,0.0022467501300924564,-0.05383209027136815,-0.0787357184129458,,
007660,20260615,hogaplay,34659,58628,20600,10,true,2579,1.6824757281553397,이수페타시스,KOSPI,false,true,128300.0,130000.0,118100.0,118900.0,1556987,-0.028594771241830075,-0.07326578332034295,0.12488174077578051,-0.10264150943396222,-0.11991117690599551,183539747300.0,1.1079432903351207,164400.0,150100.0,0.034482758620689724,0.021026072329688894,-0.008410428931875491,-0.07737594617325483,-0.1623212783851976,0.00654664484451728,-0.006546644844517169,-0.03518821603927991,-0.10229132569558097,-0.18494271685761043,0.027754415475189198,128800.0,102000.0,107300.0,118660.0,125695.0,127060.0,121059.16666666667,0.0832632464255676,-0.14213624894869636,false,false,false,false,0.7232360097323601,true,false,false,false,false,0.1579861111111111,8526.12,8603.48,8450.24,8545.98,0.05199159980402812,0.0023293127471814565,0.14183749954906255,0.07073562190139326,true,true,0.02113508339593606,0.06059691223241814,0.06653069630399311,-0.017707740949545858,-0.2034933383883416,false,false,비주도주,1.5–2.0×,지수 5일 상승,지수 양봉,지수>MA20,당일 음봉,비정배열,MA20 아래,52주 고가 20%+ 아래,0.013347675224753663,-0.03957083990272925,-0.0749411252358686,-0.05966820522370897,0.041172060003143995,,
007660,20260703,hogaplay,29524,54664,17622,10,true,31550,1.6754057428214733,이수페타시스,KOSPI,false,true,121300.0,121900.0,106000.0,110100.0,1226452,-0.08096828046744575,-0.09233305853256389,0.02133580705009286,-0.08933002481389574,-0.02910052910052907,157845637670.0,0.9211897174529583,164400.0,135200.0,-0.07992733878292457,-0.2025431425976385,-0.05722070844686644,-0.23342415985467757,-0.32334241598546776,-0.0748858447488584,-0.19817351598173516,-0.05205479452054795,-0.22922374429223746,-0.319634703196347,-0.00544959128065392,109500.0,84100.0,84400.0,117580.0,116055.0,127706.66666666667,120393.33333333333,-0.00544959128065392,-0.2361489554950046,false,false,false,false,0.6697080291970803,false,false,false,false,false,0.34754797441364604,7739.75,8136.28,7378.1,8088.34,0.05756339164418822,0.04503892244581545,-0.038385678160454795,-0.00885352652197946,false,true,-0.004575722583373132,-0.10404483491050076,-0.07571392893968365,-0.19436250207088224,-0.226361651463712,false,false,비주도주,1.5–2.0×,지수 5일 하락,지수 양봉,지수<MA20,당일 음봉,비정배열,MA20 아래,52주 고가 20%+ 아래,-0.07535161619955144,-0.09849830768713774,0.01849322049281721,-0.039061657783795334,-0.09698076452175575,14:46,14:00–15:30
009420,20260421,hogaplay,51587,16894,30027,10,true,12299,1.7180204482632297,한올바이오파마,KOSPI,false,true,50600.0,50600.0,48800.0,48950.0,332590,-0.036417322834645716,-0.03260869565217391,0.06297502714440828,-0.08504672897196264,0.4946564885496183,24860330895.0,0.7104425051348958,66600.0,66600.0,-0.01430030643513791,0.054136874361593534,0.052093973442288055,-0.09397344228804905,0.039836567926455624,-0.01025641025641022,0.058461538461538565,0.05641025641025643,-0.09025641025641029,0.04410256410256408,-0.0040858018386108474,53500.0,43950.0,44350.0,49110.0,51547.5,53571.666666666664,49443.75,0.09295199182839631,-0.10214504596527063,false,false,false,false,0.734984984984985,false,false,false,false,false,0.546142208774584,6302.54,6388.47,6302.54,6388.47,0.02723549586836671,0.013634185582320825,0.07049893175820032,0.15026323749711912,true,true,0.004611432784375591,0.01364332931046075,0.039532157151868974,0.17243252296715794,0.22338995095852376,false,false,비주도주,1.5–2.0×,지수 5일 상승,지수 양봉,지수>MA20,당일 음봉,비정배열,MA20 아래,52주 고가 20%+ 아래,-0.0189117392195135,0.040493545051132784,0.012561816290419081,-0.266405965255207,-0.18355338303206814,,
009540,20251226,hogaplay,21797,25963,5843,9,true,14790,3.7304466883450282,HD한국조선해양,KOSPI,false,true,415000.0,417500.0,401500.0,403000.0,155267,-0.03125,-0.02891566265060241,-0.014669926650366705,-0.05620608899297419,0.17151162790697683,64463815875.0,1.040827476177548,494500.0,452500.0,0.018610421836228186,-0.023573200992555776,0.027295285359801413,0.14764267990074442,0.058312655086848686,0.03011292346298622,-0.012547051442910906,0.038895859473023764,0.16060225846925968,0.07026348808030103,-0.011166253101737023,463000.0,385000.0,393500.0,418100.0,425200.0,429708.3333333333,399500.0,0.14888337468982638,-0.04466501240694787,false,false,true,false,0.8149646107178968,false,false,false,true,false,0.4012605042016807,4130.37,4143.14,4116.53,4129.68,0.005125808665683573,-0.0001670552517085878,0.03383894395057219,0.03580968720136668,true,true,0.022006547722825953,0.04357480482749265,0.0958427771643322,0.13632048972317468,0.23129395013657228,false,false,비주도주,≥3.0×,지수 5일 상승,지수 음봉,지수>MA20,당일 음봉,비정배열,MA20 아래,52주 고가 5–20% 아래,-0.0033961258865977673,-0.06714800582004843,-0.06854749180453079,0.011322190177569746,-0.1729812950497236,,
009540,20260210,hogaplay,21802,43506,14009,10,true,20934,1.5562852451995146,HD한국조선해양,KOSPI,false,true,394000.0,397000.0,378000.0,382000.0,422004,-0.02051282051282055,-0.030456852791878174,-0.0850299401197605,-0.17405405405405405,0.006587615283267567,98434267100.0,1.8420231333214898,494500.0,463000.0,0.020942408376963373,0.04057591623036649,0.18324607329842935,0.17801047120418856,0.07198952879581144,0.011673151750972721,0.03112840466926059,0.1725032425421531,0.16731517509727634,0.0622568093385214,0.009162303664921545,474000.0,384000.0,390000.0,400200.0,420500.0,423625.0,419570.8333333333,0.24083769633507845,0.005235602094240788,true,true,true,false,0.7724974721941354,false,false,false,false,false,0.14893617021276595,5350.21,5363.62,5286.67,5301.69,0.000688934020883103,-0.00906880290680187,0.002573712954418106,0.1297883494152543,true,true,0.009959088517057735,0.03872727375610441,0.09559970499972659,0.17776218526545318,0.04680771603017164,false,false,비주도주,1.5–2.0×,지수 5일 상승,지수 음봉,지수>MA20,당일 음봉,비정배열,MA20 아래,52주 고가 20%+ 아래,0.010983319859905638,0.0018486424742620855,0.08764636829870276,0.00024828593873538196,0.0251818127656398,,
009540,20260715,hogaplay,13756,23949,5190,10,true,17749,2.6504816955684007,HD한국조선해양,KOSPI,false,true,338000.0,344000.0,327000.0,335000.0,229440,0.024464831804281273,-0.008875739644970414,-0.014705882352941124,-0.22811059907834097,-0.23603192702394526,81921698875.0,1.0211447823435948,494500.0,446000.0,0.05671641791044779,0.008955223880596996,0.13731343283582098,0.10000000000000009,0.10895522388059709,0.03660322108345526,-0.010248901903367469,0.11566617862371897,0.07906295754026349,0.08784773060029272,0.0194029850746269,389000.0,314000.0,335000.0,334300.0,360625.0,405616.6666666667,406200.0,0.16119402985074638,-0.06268656716417909,false,true,false,false,0.6774519716885743,true,false,false,false,false,0.19770114942528735,7082.91,7424.18,7082.91,7284.41,0.06235826176235948,0.028448759055247068,0.005191263994126949,-0.17822509318339752,false,false,-0.06367159454231697,-0.07364494859569959,-0.025742647654374173,-0.23211900483361037,-0.0646682435502669,false,false,비주도주,2.0–3.0×,지수 5일 상승,지수 양봉,지수<MA20,당일 음봉,비정배열,MA20 아래,52주 고가 20%+ 아래,0.12038801245276476,0.08260017247629658,0.16305608049019515,0.33211900483361045,0.173623467430864,14:03,14:00–15:30
009830,20260703,hogaplay,101580,48527,61628,10,true,26003,1.648276757318102,한화솔루션,KOSPI,false,true,35550.0,35550.0,32350.0,32700.0,2371033,-0.0630372492836676,-0.08016877637130802,0.06688417618270792,-0.1484375,0.18693284936479126,67177989362.5,1.3391556896211287,59300.0,43850.0,-0.03822629969418956,-0.08715596330275233,-0.024464831804281384,-0.18195718654434245,-0.24159021406727832,-0.06814814814814818,-0.11555555555555552,-0.05481481481481476,-0.20740740740740737,-0.2651851851851852,0.032110091743119185,34600.0,26300.0,26750.0,34590.0,36070.0,41205.0,40595.833333333336,0.05810397553516822,-0.19571865443425074,false,false,false,false,0.551433389544688,false,false,false,false,false,0.5714285714285714,7739.75,8136.28,7378.1,8088.34,0.05756339164418822,0.04503892244581545,-0.038385678160454795,-0.00885352652197946,false,true,-0.004575722583373132,-0.10404483491050076,-0.07571392893968365,-0.19436250207088224,-0.226361651463712,false,false,비주도주,1.5–2.0×,지수 5일 하락,지수 양봉,지수<MA20,당일 음봉,비정배열,MA20 아래,52주 고가 20%+ 아래,-0.033650577110816426,0.016888871607748435,0.051249097135402266,0.012405315526539784,-0.015228562603566309,14:53,14:00–15:30
010060,20260515,hogaplay,27130,58767,17796,10,true,30643,1.5244998876151945,OCI홀딩스,KOSPI,false,true,364500.0,365000.0,282000.0,291000.0,1073031,-0.2016460905349794,-0.20164609053497942,-0.08634222919937207,0.23829787234042543,1.593582887700535,175218346125.0,2.018422416143602,399000.0,399000.0,0.09278350515463907,-0.046391752577319534,0.0807560137457044,0.2061855670103092,0.09278350515463907,0.08904109589041087,-0.049657534246575374,0.07705479452054798,0.20205479452054798,0.08904109589041087,0.0034364261168384758,414000.0,268500.0,277500.0,328200.0,331175.0,226845.0,170383.33333333334,0.4226804123711341,-0.07731958762886593,false,false,true,false,0.7293233082706767,false,false,true,true,false,0.8683870967741936,7951.75,8046.78,7371.68,7493.18,-0.061170895869276154,-0.057669066557675945,-0.000642838090157305,0.23012645717972413,true,true,0.003050774170645809,-0.037931826007115865,0.04731369058263635,0.17285051206563828,0.16460568143298304,true,true,주도주(RS상위20%),1.5–2.0×,지수 5일 하락,지수 음봉,지수>MA20,당일 음봉,비정배열,MA20 아래,52주 고가 20%+ 아래,0.08973273098399326,-0.008459926570203669,0.033442323163068055,0.03333505494467093,-0.07182217627834397,11:59,10:00–12:00
010060,20260609,hogaplay,11334,42195,7319,10,true,2308,1.5485722093182128,OCI홀딩스,KOSPI,false,true,270500.0,274500.0,232500.0,256000.0,466625,-0.026615969581749055,-0.053604436229205174,-0.2706552706552706,-0.1962323390894819,1.585858585858586,138650226075.0,1.1299918669645106,414000.0,414000.0,0.029296875,0.171875,0.2421875,-0.15625,-0.22695312499999998,-0.11129848229342332,0.01180438448566612,0.07251264755480613,-0.2715008431703204,-0.33254637436762224,0.158203125,335500.0,213000.0,216000.0,289100.0,319200.0,269391.6666666667,197048.33333333334,0.310546875,-0.16796875,false,false,false,false,0.6183574879227053,false,false,false,true,false,0.8944099378881988,7697.76,8119.09,7598.87,8096.93,0.08183945027062922,0.05185534493151255,-0.07867775403430433,0.07987863430248066,true,true,-0.04521590281748766,0.0032963110709860466,0.07776651150497771,0.013203769823871392,-0.05441815601715716,true,true,주도주(RS상위20%),1.5–2.0×,지수 5일 하락,지수 양봉,지수>MA20,당일 음봉,비정배열,MA20 아래,52주 고가 20%+ 아래,0.07451277781748766,0.16857868892901395,0.1644209884950223,-0.1694537698238714,-0.17253496898284282,12:36,12:00–14:00
010120,20250925,hogaplay,18743,27757,12452,9,true,16759,1.5052200449726951,LS ELECTRIC,KOSPI,false,true,57700.0,57800.0,55600.0,55700.0,940565,-0.027923211169284423,-0.03466204506065858,-0.0823723228995058,-0.01763668430335097,0.6239067055393586,42990689025.0,1.3612812092494149,66800.0,64000.0,-0.019748653500897717,0.021543985637342944,0.04129263913824066,0.09515260323159791,0.5780969479353681,-0.023255813953488413,0.017889087656529412,0.0375670840787119,0.09123434704830058,0.5724508050089445,0.0035906642728904536,62400.0,53800.0,54600.0,57880.0,59050.0,58111.666666666664,52184.333333333336,0.12028725314183131,-0.03411131059245964,false,false,false,false,0.8338323353293413,false,false,false,true,false,0.6601731601731602,3458.98,3479.42,3454.08,3471.11,-0.00029664702460141523,0.00350681414752329,0.0028341952445611884,0.08597074135255545,true,true,-0.024505129483076038,-0.013399172022782402,0.022500007202306938,0.07987646602959853,0.1774014652373448,false,false,비주도주,1.5–2.0×,지수 5일 상승,지수 양봉,지수>MA20,당일 음봉,비정배열,MA20 아래,52주 고가 5–20% 아래,0.004756475982178321,0.034943157660125346,0.018792631935933723,0.015276137201999385,0.40069548269802335,,
011070,20260619,hogaplay,14573,69428,7153,10,true,53576,2.037326995666154,LG이노텍,KOSPI,false,true,1293000.0,1295000.0,1122000.0,1145000.0,703406,-0.10756040530007793,-0.11446249033255994,0.10521235521235517,0.506578947368421,3.074733096085409,849469774600.0,1.0203275391727222,1788000.0,1788000.0,-0.013100436681222738,-0.1641921397379913,-0.18689956331877733,-0.23842794759825325,-0.474235807860262,-0.012237762237762184,-0.16346153846153844,-0.18618881118881114,-0.23776223776223782,-0.47377622377622375,-0.0008733624454148048,1182000.0,819000.0,872000.0,1224200.0,1153600.0,710008.3333333334,488845.8333333333,0.03231441048034944,-0.28471615720524013,false,false,false,false,0.6403803131991052,false,false,true,true,true,0.9538745387453874,9288.89,9385.59,8831.72,9052.42,-0.0012599516319793391,-0.02545729360558682,0.1143332652192004,0.2557196262978658,true,true,0.0068633580854622345,-0.06422591969882085,-0.07083299272459753,-0.10649969842318407,-0.28016265263874185,true,false,주도주(RS상위20%),2.0–3.0×,지수 5일 상승,지수 음봉,지수>MA20,당일 음봉,정배열,MA20 아래,52주 고가 20%+ 아래,-0.019963794766684972,-0.09996622003917044,-0.1160665705941798,-0.13192824917506918,-0.19407315522152013,12:05,12:00–14:00
011170,20260205,hogaplay,19237,35203,9418,10,true,15537,2.0425780420471438,롯데케미칼,KOSPI,false,true,83800.0,83800.0,75200.0,75600.0,529033,-0.11475409836065575,-0.09785202863961814,-0.125,0.09406657018813314,0.21543408360128624,17144267650.0,2.575457662896055,89500.0,89500.0,-0.0357142857142857,0.013227513227513255,0.08465608465608465,0.21031746031746024,0.006613756613756516,-0.014864864864864824,0.03513513513513522,0.10810810810810811,0.2364864864864864,0.02837837837837842,-0.021164021164021163,100200.0,71400.0,72900.0,80500.0,77120.0,75565.0,71348.33333333333,0.32539682539682535,-0.05555555555555558,false,false,true,false,0.8446927374301676,false,false,true,true,true,0.36046511627906974,5251.03,5304.4,5142.2,5163.57,-0.038638267766379464,-0.016655779913655043,-0.011047163035671548,0.13425973723576945,true,true,-0.014414445819462052,0.026748935329626633,0.06946744209916789,0.15610711193999505,0.08644794202460693,false,false,비주도주,2.0–3.0×,지수 5일 하락,지수 음봉,지수>MA20,당일 음봉,정배열,MA20 아래,52주 고가 5–20% 아래,-0.021299839894823647,-0.013521422102113378,0.015188642556916765,0.05421034837746519,-0.07983418541085041,,
011170,20260810,hogaplay,32215,24495,12787,10,true,8540,2.5193555955267066,롯데케미칼,KOSPI,false,true,60500.0,60500.0,57000.0,58500.0,312110,-0.040983606557377095,-0.03305785123966942,0.059782608695652106,-0.05339805825242716,-0.23629242819843344,6518635815.0,3.0965582277658417,119500.0,64000.0,-0.006837606837606813,-0.018803418803418848,-0.047863247863247915,-0.06153846153846154,,0.006932409012131657,-0.005199306759098743,-0.03466204506065862,-0.048526863084922045,,-0.013675213675213627,59600.0,52900.0,53700.0,58720.0,58605.0,69148.33333333333,77867.5,0.018803418803418737,-0.09572649572649572,false,false,false,false,0.4895397489539749,false,false,false,false,false,0.2560646900269542,6306.33,6394.06,6232.45,6299.66,0.0065332325680604875,-0.0010576674547637171,0.006745559293322323,-0.15734208674761962,false,false,0.007281345342446954,0.08154090855696983,0.09050805916509774,0.07033395453087943,,false,false,비주도주,2.0–3.0×,지수 5일 상승,지수 음봉,지수<MA20,당일 음봉,비정배열,MA20 아래,52주 고가 20%+ 아래,-0.014118952180053768,-0.10034432736038867,-0.13837130702834566,-0.13187241606934097,,,
011210,20260821,hogaplay,17828,10570,6370,10,true,6976,2.7987441130298274,현대위아,KOSPI,false,true,60400.0,60700.0,57600.0,59400.0,75081,-0.032573289902280145,-0.016556291390728478,-0.10271903323262843,-0.010000000000000009,-0.3557483731019523,5023146330.0,0.8944113141286038,112600.0,68800.0,0.01683501683501687,0.01683501683501687,0.005050505050504972,,,0.011725293132328396,0.011725293132328396,0.0,,,0.005050505050504972,,,,62780.0,60625.0,66651.66666666667,75673.33333333333,,,,,,false,0.5275310834813499,false,false,false,false,false,0.24494949494949494,6759.95,6954.12,6742.44,6912.95,0.008809820534747548,0.022633303500765537,0.014619848708562921,-0.02591839524073225,true,false,-0.031244258963250116,-0.015151274058108344,-0.017947475390390433,,,false,false,비주도주,2.0–3.0×,지수 5일 상승,지수 양봉,지수>MA20,당일 음봉,비정배열,MA20 아래,52주 고가 20%+ 아래,0.048079275798266985,0.03198629089312521,0.022997980440895405,,,,
011790,20260211,hogaplay,27611,20574,15094,10,true,19378,1.829269908572943,SKC,KOSPI,false,true,104519.76296296297,104519.76296296297,102827.8962962963,103109.87407407408,209169,-0.017905102954342,-0.01348920863309354,-0.071912013536379,0.05076628352490431,0.06504854368932045,39632029119.232956,0.5694531581905531,154711.8074074074,115140.92592592593,0.0,0.028258887876025485,0.005469462169553241,-0.03919781221513219,-0.09753874202370094,-0.010820559062218238,0.017132551848512145,-0.0054102795311090635,-0.04959422903516686,-0.10730387736699731,0.010938924339106704,111381.22222222222,98316.25185185185,99068.19259259259,104275.38222222224,106000.1462962963,103354.25481481482,101560.56283950618,0.08021877848678205,-0.046490428441203324,false,false,false,false,0.6664641555285541,false,false,false,true,false,0.19386331938633194,5293.75,5374.23,5257.53,5354.49,0.009959088517057735,0.011473907910271506,-0.003092476401482136,0.13368126865829622,true,true,0.031334450153049254,0.06027838318868839,0.09181079804052317,0.08169218730448646,0.0534112492506289,false,true,비주도주,1.5–2.0×,지수 5일 하락,지수 양봉,지수>MA20,당일 음봉,비정배열,MA20 아래,52주 고가 20%+ 아래,-0.031334450153049254,-0.032019495312662904,-0.08634133587096993,-0.12088999951961865,-0.15094999127432984,,
011790,20260618,hogaplay,41660,62987,22813,10,true,26643,1.8261517555779598,SKC,KOSPI,false,true,141700.0,141800.0,120600.0,125600.0,2238311,-0.1179775280898876,-0.11362032462949895,-0.10285714285714287,-0.017214397496087663,0.2304562746085812,141004992365.0,2.5006288408799358,184400.0,181000.0,-0.047770700636942665,-0.15923566878980888,-0.13216560509554143,-0.21257961783439494,-0.32165605095541405,-0.08282208588957052,-0.1901840490797546,-0.1641104294478528,-0.2415644171779141,-0.34662576687116564,0.03821656050955413,130500.0,97000.0,98900.0,139200.0,139675.0,122653.67308641976,111805.55839506173,0.03901273885350309,-0.22770700636942676,false,false,false,false,0.6811279826464208,false,false,true,true,false,0.44464609800362975,8884.92,9106.07,8867.34,9063.84,0.022517440863514482,0.0201374913899056,0.16742637446145325,0.24646091813973703,true,true,-0.0012599516319793391,-0.09488252219809701,-0.01473326978410927,-0.15619759395576271,-0.24749333615774327,false,true,비주도주,1.5–2.0×,지수 5일 상승,지수 양봉,지수>MA20,당일 음봉,비정배열,MA20 아래,52주 고가 20%+ 아래,-0.046510749004963325,-0.06435314659171187,-0.11743233531143216,-0.056382023878632226,-0.07416271479767078,09:16,09:00–10:00
012330,20260413,hogaplay,16787,33523,10363,10,true,2100,1.6198977130174659,현대모비스,KOSPI,false,true,391500.0,392500.0,386500.0,391500.0,222824,-0.027329192546583836,0.0,0.007722007722007707,-0.023690773067331694,0.266990291262136,95635605850.0,0.9384139522239552,531000.0,431000.0,0.034482758620689724,0.09067688378033201,0.07279693486590033,0.10472541507024258,0.6577266922094509,0.00496277915632759,0.05955334987593042,0.042183622828784184,0.07320099255583123,0.6104218362282878,0.02937420178799499,472000.0,400500.0,405000.0,398500.0,399125.0,430041.6666666667,381041.6666666667,0.20561941251596427,0.02298850574712641,true,true,true,false,0.7372881355932204,false,false,false,true,false,0.36885245901639346,5737.28,5827.73,5730.23,5808.62,-0.008576739200562566,0.012434463717998799,0.06573730397975908,0.04662648540050629,true,true,0.027395491528108273,0.07186388505359287,0.07066566585522893,0.13882987697594262,0.35040853076978706,false,true,비주도주,1.5–2.0×,지수 5일 상승,지수 양봉,지수>MA20,당일 음봉,비정배열,MA20 아래,52주 고가 20%+ 아래,0.007087267092581451,0.01881299872673914,0.0021312690106713994,-0.034104461905700045,0.30731816143966384,14:34,14:00–15:30
012330,20260827,hogaplay,26062,60839,16354,10,true,27196,1.5936162406750642,현대모비스,KOSPI,false,true,466500.0,468500.0,447500.0,451500.0,675330,-0.026939655172413812,-0.03215434083601286,-0.10946745562130178,0.014606741573033766,0.13157894736842102,148053155325.0,2.2913152559429304,822000.0,556000.0,-0.0022148394241418012,-0.017718715393133966,,,,-0.0022148394241418012,-0.017718715393133966,,,,0.0,,,,481600.0,495125.0,524633.3333333334,498125.0,,,,,,false,0.5492700729927007,false,false,false,false,false,0.5841584158415841,6996.12,6996.12,6841.88,6912.37,0.015299175554220446,-0.011970921024796601,0.008725180880777783,0.22056808470063083,true,false,-0.017865073773539297,-0.011077242682321686,-0.03618585231982663,,,false,true,비주도주,1.5–2.0×,지수 5일 상승,지수 음봉,지수>MA20,당일 음봉,비정배열,MA20 아래,52주 고가 20%+ 아래,0.015650234349397496,-0.0066414727108122795,,,,13:50,12:00–14:00
014680,20260814,hogaplay,6429,19564,1604,10,true,7252,4.008104738154613,한솔케미칼,KOSPI,false,true,231500.0,238000.0,209500.0,218500.0,97298,-0.06021505376344083,-0.056155507559395246,-0.017977528089887618,-0.1063394683026585,-0.30963665086887837,9684729150.0,2.348647327544068,346500.0,256000.0,-0.03661327231121281,-0.07093821510297482,-0.06178489702517165,-0.052631578947368474,,-0.02546296296296291,-0.06018518518518523,-0.05092592592592593,-0.04166666666666663,,-0.011441647597253968,221000.0,194600.0,201000.0,230000.0,220590.0,253355.0,271777.5,0.011441647597254079,-0.10938215102974824,false,false,false,false,0.6305916305916306,false,false,false,false,false,0.1815856777493606,6995.67,7010.86,6848.43,6977.94,0.024158489081713252,-0.002534424865666973,0.1149059639513832,0.023068351757909777,true,false,-0.015493111147415917,-0.017965187433540475,-0.04026689825363927,-0.022631320991581938,,false,false,비주도주,≥3.0×,지수 5일 상승,지수 음봉,지수>MA20,당일 음봉,비정배열,MA20 아래,52주 고가 20%+ 아래,-0.02112016116379689,-0.05297302766943435,-0.021517998771532376,-0.030000257955786536,,13:33,12:00–14:00
015760,20260227,hogaplay,783660,73308,220714,10,true,42523,3.550567703000263,한국전력,KOSPI,false,true,61500.0,61800.0,58200.0,58500.0,9721473,-0.07582938388625593,-0.04878048780487805,-0.0714285714285714,-0.03305785123966942,0.5768194070080863,195759579635.0,3.2908105649614545,69500.0,65300.0,-0.1299145299145299,-0.1760683760683761,-0.23418803418803413,-0.19829059829059825,-0.27863247863247864,-0.09751773049645385,-0.14539007092198586,-0.2056737588652482,-0.1684397163120568,-0.25177304964539005,-0.03589743589743588,56800.0,43550.0,44800.0,62320.0,61090.0,55315.833333333336,48442.5,-0.029059829059829068,-0.25555555555555554,false,false,false,false,0.841726618705036,false,false,true,true,true,0.5285326086956522,6197.49,6347.41,6153.87,6244.13,-0.010010670226579865,0.007525627310411204,0.07499315661621786,0.22798705959861154,true,true,-0.07242321988811895,-0.1057361073520251,-0.15891084906944608,-0.11118922892380523,-0.15483822406003722,false,true,비주도주,≥3.0×,지수 5일 상승,지수 양봉,지수>MA20,당일 음봉,정배열,MA20 아래,52주 고가 5–20% 아래,-0.05749131002641095,-0.07033226871635101,-0.07527718511858805,-0.08710136936679302,-0.12379425457244142,14:52,14:00–15:30
015760,20260325,hogaplay,255306,56380,138649,9,true,2835,1.8413836378192414,한국전력,KOSPI,false,true,47450.0,47750.0,46200.0,46450.0,2477570,-0.0064171122994652885,-0.02107481559536354,-0.07007007007007005,-0.2603503184713376,0.2938718662952646,184501755445.0,0.685441022910831,69500.0,65300.0,-0.009687836383207804,-0.09149623250807315,-0.05920344456404736,-0.05489773950484389,-0.0021528525296017342,-0.008620689655172376,-0.09051724137931039,-0.05818965517241381,-0.053879310344827624,-0.0010775862068965747,-0.0010764262648008671,46700.0,39650.0,39900.0,47250.0,49855.0,54562.5,49969.166666666664,0.005382131324004336,-0.14639397201291715,false,false,false,false,0.6683453237410072,false,false,false,false,false,0.4182621502209131,5680.33,5740.97,5630.07,5642.21,0.015896880041484263,-0.006710877713090593,-0.04773309164679329,-0.05484920363707024,false,true,-0.03221255500947329,-0.06467501209632398,-0.028979779199994393,0.040787209267290736,0.13748513437110632,false,true,비주도주,1.5–2.0×,지수 5일 하락,지수 음봉,지수<MA20,당일 음봉,비정배열,MA20 아래,52주 고가 20%+ 아래,0.022524718626265483,-0.02682122041174917,-0.030223665364052965,-0.09568494877213463,-0.13963798690070806,11:06,10:00–12:00
015760,20260715,hogaplay,245697,30958,136975,10,true,29122,1.7937360832268663,한국전력,KOSPI,false,true,34550.0,35300.0,33850.0,33900.0,1534557,-0.0014727540500736325,-0.01881331403762663,-0.07755102040816331,-0.16296296296296298,-0.3802559414990859,79005411485.0,0.6796672053089404,69500.0,43100.0,0.004424778761061843,-0.005899705014749235,0.05014749262536866,-0.02507374631268433,-0.02359882005899705,0.013392857142857206,0.0029761904761904656,0.059523809523809534,-0.016369047619047672,-0.014880952380952328,-0.008849557522123908,36500.0,32000.0,33000.0,34700.0,37050.0,39765.0,46191.25,0.07669616519174038,-0.05604719764011801,false,false,false,false,0.48776978417266187,false,false,false,false,false,0.0735632183908046,7082.91,7424.18,7082.91,7284.41,0.06235826176235948,0.028448759055247068,0.005191263994126949,-0.17822509318339752,false,false,-0.06367159454231697,-0.07364494859569959,-0.025742647654374173,-0.23211900483361037,-0.0646682435502669,false,true,비주도주,1.5–2.0×,지수 5일 상승,지수 양봉,지수<MA20,당일 음봉,비정배열,MA20 아래,52주 고가 20%+ 아래,0.06809637330337881,0.06774524358095035,0.07589014027974283,0.20704525852092603,0.04106942349126985,13:46,12:00–14:00
015760,20260813,hogaplay,381432,66828,79597,10,true,19075,4.792039901001294,한국전력,KOSPI,false,true,34350.0,34650.0,32800.0,33100.0,5967560,-0.06629055007052187,-0.036390101892285295,-0.07927677329624483,-0.02359882005899705,-0.4464882943143813,56032862157.5,4.216058850856272,69500.0,36500.0,0.004531722054380571,-0.06797583081571001,-0.04078549848942603,-0.0166163141993958,,0.001506024096385561,-0.07078313253012047,-0.04367469879518071,-0.01957831325301207,,0.0030211480362538623,36400.0,30400.0,30850.0,35010.0,34640.0,36730.0,41774.583333333336,0.09969788519637457,-0.08157099697885195,false,false,false,false,0.4762589928057554,false,false,false,false,false,0.06233766233766234,6773.92,6895.63,6748.13,6813.34,0.03561309856757222,0.005819377849162682,0.08210432026021297,-0.0646682435502669,true,false,0.024158489081713252,-0.050220596653036575,0.014619848708562921,-0.003590016056735812,,false,true,비주도주,≥3.0×,지수 5일 상승,지수 양봉,지수>MA20,당일 음봉,비정배열,MA20 아래,52주 고가 20%+ 아래,-0.01962676702733268,-0.01775523416267344,-0.05540534719798895,-0.013026298142659987,,13:02,12:00–14:00
017800,20250911,hogaplay,30334,13565,18982,10,true,7610,1.598040248656622,현대엘리베이터,KOSPI,false,true,79100.0,79800.0,78800.0,79400.0,186137,0.0012610340479193294,0.0037926675094816687,0.01146496815286624,-0.04567307692307687,0.4203935599284436,12312003565.0,1.156013397401381,91800.0,86800.0,-0.0012594458438287548,-0.023929471032745564,-0.012594458438287104,0.05289672544080615,0.018891687657430767,-0.006265664160400974,-0.028822055137844638,-0.01754385964912286,0.04761904761904767,0.013784461152882121,0.005037783375314797,87000.0,76900.0,77500.0,79180.0,79410.0,82606.66666666667,76256.66666666667,0.09571788413098248,-0.03148614609571787,false,false,true,false,0.8649237472766884,true,false,false,true,false,0.5717821782178217,3336.6,3344.7,3311.86,3344.2,0.008951495385469244,0.002277767787568156,0.044791507202819325,0.03716384906198722,true,true,0.015351952634411914,0.031523234256324306,0.03501584833442983,0.03794928532982489,0.12085700615991879,false,false,비주도주,1.5–2.0×,지수 5일 상승,지수 양봉,지수>MA20,당일 양봉,비정배열,MA20 아래,52주 고가 5–20% 아래,-0.01661139847824067,-0.05545270528906987,-0.04761030677271694,0.014947440110981258,-0.10196531850248802,,
017800,20251017,hogaplay,36186,21795,17811,10,true,12485,2.0316658244904833,현대엘리베이터,KOSPI,false,true,80400.0,80500.0,78300.0,79300.0,221765,-0.01977750309023485,-0.013681592039800995,-0.031746031746031744,0.0,0.14265129682997113,19029901815.0,0.9549973666679156,91800.0,87000.0,0.044136191677175196,0.06431273644388402,0.07061790668348045,-0.045397225725094525,0.031525851197982346,0.020961775585696563,0.040690505548705236,0.04685573366214557,-0.06658446362515413,0.008631319358816336,0.022698612862547263,87600.0,73700.0,75700.0,80960.0,80205.0,80856.66666666667,80075.83333333333,0.10466582597730145,-0.07061790668348045,false,false,true,false,0.8638344226579521,false,false,false,false,false,0.24448897795591182,3732.76,3794.87,3722.07,3748.89,0.00013872696665484519,0.004321199327039417,0.0383011133883564,0.10406297672829656,true,true,0.017551862017823883,0.03595464257420189,0.051401881623627244,0.0956576479971405,0.07006874034714294,false,false,비주도주,2.0–3.0×,지수 5일 상승,지수 양봉,지수>MA20,당일 음봉,비정배열,MA20 아래,52주 고가 5–20% 아래,0.026584329659351313,0.028358093869682133,0.019216025059853203,-0.14105487372223502,-0.0385428891491606,,
024840,20260615,hogaplay,169276,27792,99626,10,true,1138,1.6991146889366229,KBI메탈,KOSDAQ,false,true,4905.0,5390.0,4560.0,4780.0,4785224,0.06222222222222218,-0.0254841997961264,0.17156862745098045,-0.3856041131105399,1.7236467236467234,26901610471.75,1.0019366308619684,11760.0,8550.0,-0.006276150627615107,0.025104602510460206,-0.07531380753138073,-0.2447698744769874,-0.05962343096234313,-0.01144640998959412,0.019771071800208206,-0.08012486992715917,-0.2486992715920916,-0.06451612903225812,0.0052301255230124966,6300.0,3340.0,3385.0,4666.0,5476.25,4335.666666666667,3113.641666666667,0.3179916317991631,-0.301255230125523,false,false,false,false,0.4064625850340136,true,false,true,true,false,0.8802083333333334,1048.19,1054.32,1025.42,1034.03,0.004839414994412428,-0.013509001230692987,0.13456368843195565,-0.1318624117405066,false,false,-0.014844830420780886,-0.03201067667282387,-0.06347011208572284,-0.10972602342291804,-0.2269469938009535,true,false,주도주(RS상위20%),1.5–2.0×,지수 5일 상승,지수 음봉,지수<MA20,당일 음봉,비정배열,MA20 아래,52주 고가 20%+ 아래,0.008568679793165779,0.05711527918328407,-0.011843695445657887,-0.13504385105406935,0.16732356283861038,12:41,12:00–14:00
025980,20260619,hogaplay,173904,13153,82501,10,true,9921,2.1079017224033647,아난티,KOSDAQ,false,true,5130.0,5180.0,4750.0,4930.0,1408931,-0.050096339113680166,-0.03898635477582846,0.0670995670995671,-0.07850467289719631,-0.3364737550471063,5868176188.75,1.2203574601186014,11850.0,5790.0,-0.05273833671399597,-0.14807302231237318,-0.20486815415821502,-0.1937119675456389,-0.24645030425963488,-0.04596527068437184,-0.14198161389172625,-0.19918283963227779,-0.1879468845760981,-0.24106230847803878,-0.007099391480730244,4895.0,3835.0,3920.0,5102.0,4954.25,6276.75,7165.708333333333,-0.007099391480730244,-0.22210953346855988,false,false,false,false,0.4160337552742616,false,false,false,false,false,0.03690036900369004,1001.4,1001.4,946.15,966.59,-0.034308093473069956,-0.03476133413221485,-0.06069675914678585,-0.08472923196379023,false,false,0.0018725623066655483,-0.059259872334702535,-0.11920255744421115,-0.1015735730764854,-0.224448835597306,false,false,비주도주,2.0–3.0×,지수 5일 하락,지수 음봉,지수<MA20,당일 음봉,비정배열,MA20 아래,52주 고가 20%+ 아래,-0.05461089902066152,-0.08881314997767065,-0.08566559671400387,-0.0921383944691535,-0.022001468662328882,12:50,12:00–14:00
028050,20260821,hogaplay,130809,45574,61732,10,true,38868,2.1189820514481954,삼성E&A,KOSPI,false,true,47400.0,47750.0,45000.0,45150.0,1538543,-0.060353798126951075,-0.04746835443037975,-0.07857142857142863,-0.032154340836012874,0.19920318725099606,92996431167.5,0.6771476749143824,67300.0,51400.0,-0.007751937984496138,0.06866002214839417,0.07973421926910307,,,-0.00222717149220486,0.07461024498886415,0.08574610244988867,,,-0.0055370985603543366,,,,47880.0,46910.0,46794.166666666664,45641.666666666664,,,,,,false,0.6708766716196136,false,false,false,false,true,0.7702020202020202,6759.95,6954.12,6742.44,6912.95,0.008809820534747548,0.022633303500765537,0.014619848708562921,-0.02591839524073225,true,false,-0.031244258963250116,-0.015151274058108344,-0.017947475390390433,,,false,true,비주도주,2.0–3.0×,지수 5일 상승,지수 양봉,지수>MA20,당일 음봉,정배열,MA20 아래,52주 고가 20%+ 아래,0.023492320978753978,0.08381129620650252,0.0976816946594935,,,14:28,14:00–15:30
028670,20260618,hogaplay,314725,17666,146909,10,true,18069,2.1423125880647205,팬오션,KOSPI,false,true,5330.0,5350.0,5010.0,5130.0,2803131,-0.04469273743016755,-0.0375234521575985,0.027027027027026973,-0.1520661157024793,0.2808988764044944,15013129128.0,0.9794690620781576,6600.0,6140.0,0.00974658869395717,-0.08966861598440545,-0.0828460038986355,-0.031189083820662766,0.005847953216374213,0.01171875,-0.087890625,-0.0810546875,-0.029296875,0.0078125,-0.0019493177387914784,5250.0,4400.0,4580.0,5274.0,5356.75,5434.833333333333,5055.666666666667,0.023391812865497075,-0.14230019493177393,false,false,false,false,0.7772727272727272,false,false,false,true,false,0.484573502722323,8884.92,9106.07,8867.34,9063.84,0.022517440863514482,0.0201374913899056,0.16742637446145325,0.24646091813973703,true,true,-0.0012599516319793391,-0.09488252219809701,-0.01473326978410927,-0.15619759395576271,-0.24749333615774327,false,false,비주도주,2.0–3.0×,지수 5일 상승,지수 양봉,지수>MA20,당일 음봉,비정배열,MA20 아래,52주 고가 20%+ 아래,0.011006540325936509,0.005213906213691555,-0.06811273411452623,0.12500851013509995,0.2533412893741175,14:12,14:00–15:30
028670,20260826,hogaplay,389627,47220,258763,10,true,19910,1.505729180756136,팬오션,KOSPI,false,true,6300.0,6350.0,5510.0,5610.0,8618412,-0.12068965517241381,-0.10952380952380952,-0.06655574043261236,0.10869565217391308,-0.0951612903225807,28182642030.0,1.89663981029403,6600.0,6530.0,0.0017825311942958333,0.010695187165775444,-0.017825311942959,,,-0.010563380281690127,-0.0017605633802817433,-0.029929577464788748,,,0.012477718360071277,,,,5986.0,5725.0,5280.083333333333,5360.416666666667,,,,,,false,0.85,false,false,true,true,true,0.5061728395061729,6727.25,6887.18,6704.1,6808.21,0.009709702583816204,0.012034635252146127,0.05208331723629578,0.13024473492859823,true,false,0.015299175554220446,0.0017346703465375146,-0.036057935933233476,,,false,false,비주도주,1.5–2.0×,지수 5일 상승,지수 양봉,지수>MA20,당일 음봉,정배열,MA20 아래,52주 고가 5–20% 아래,-0.013516644359924612,0.00896051681923793,0.018232623990274477,,,14:39,14:00–15:30
030530,20260828,hogaplay,73475,43440,39381,10,true,11698,1.8657474416596835,원익홀딩스,KOSDAQ,false,true,20850.0,24700.0,17970.0,19080.0,7945528,-0.05777777777777782,-0.08489208633093526,-0.008831168831168856,0.4238805970149253,-0.38451612903225807,26732182517.5,8.050227242965194,50600.0,21650.0,-0.01572327044025157,-0.08595387840670865,,,,0.02287581699346397,-0.050108932461873645,,,,-0.037735849056603765,,,,19504.0,19731.5,20361.833333333332,25391.333333333332,,,,,,false,0.37707509881422924,false,false,false,false,false,0.12561576354679804,835.23,840.85,829.59,838.41,0.0009073001850414819,0.0038073345066627754,0.04547721774696356,0.3003039796519744,true,false,-0.004914063525005674,-0.04106582698202543,,,,false,true,비주도주,1.5–2.0×,지수 5일 상승,지수 양봉,지수>MA20,당일 음봉,비정배열,MA20 아래,52주 고가 20%+ 아래,-0.010809206915245895,-0.04488805142468322,,,,15:04,14:00–15:30
032820,20260716,hogaplay,139786,35521,87751,9,true,32160,1.5929846953311073,우리기술,KOSDAQ,false,true,10400.0,10400.0,9840.0,9850.0,2343651,-0.08201304753028893,-0.052884615384615384,-0.01990049751243783,-0.3335588633288228,0.6042345276872965,37616293246.0,0.6519626908865702,30200.0,17040.0,-0.07918781725888324,0.013197969543147225,0.01725888324873104,-0.08324873096446705,0.21319796954314718,-0.0340788072417465,0.06283280085197007,0.06709265175718859,-0.03833865814696491,0.2726304579339722,-0.04670050761421318,11160.0,7450.0,7740.0,10564.0,11640.0,15851.166666666666,16653.916666666668,0.13299492385786804,-0.24365482233502533,false,false,false,false,0.326158940397351,false,false,false,false,false,0.8177570093457944,813.32,816.47,786.59,791.84,-0.04532028019242118,-0.02641026902080364,-0.0027204030226699594,-0.20889572697391423,false,false,-0.05329359466558903,-0.0514624166498282,-0.05508688623964442,-0.09102849060416252,0.09195039401899363,true,false,주도주(RS상위20%),1.5–2.0×,지수 5일 하락,지수 음봉,지수<MA20,당일 음봉,비정배열,MA20 아래,52주 고가 20%+ 아래,-0.025894222593294214,0.06466038619297543,0.07234576948837546,0.0077797596396954605,0.12124757552415355,,
034020,20251208,hogaplay,983717,103709,273293,10,true,69462,3.5994957792552316,두산에너빌리티,KOSPI,false,true,78100.0,78100.0,76300.0,76800.0,5826257,-0.04477611940298509,-0.016645326504481434,0.025367156208277786,-0.035175879396984966,0.4065934065934067,316404150625.0,1.4470384142072537,97400.0,83900.0,-0.0013020833333333703,0.006510416666666741,0.00390625,0.015625,0.08984375,0.0,0.007822685788787531,0.0052151238591917615,0.016949152542372836,0.09126466753585394,-0.0013020833333333703,80400.0,72600.0,74500.0,77960.0,76995.0,74645.0,69103.33333333333,0.046875,-0.0546875,false,false,false,false,0.7885010266940452,false,false,true,true,true,0.543859649122807,4109.25,4154.85,4081.26,4154.85,0.013365690662308971,0.01109691549552847,0.059810681134689014,0.020035647297974135,true,true,-0.002719713106369759,-0.01064539032696743,-0.015466262319939417,-0.011774191607398565,0.09567613752602377,false,true,비주도주,≥3.0×,지수 5일 상승,지수 양봉,지수>MA20,당일 음봉,정배열,MA20 아래,52주 고가 20%+ 아래,0.0014176297730363885,0.01715580699363417,0.019372512319939417,0.027399191607398565,-0.0058323875260237745,,
034020,20260602,hogaplay,337182,70382,157684,10,true,2777,2.1383399710814035,두산에너빌리티,KOSPI,false,true,108800.0,109300.0,99700.0,100000.0,4963793,-0.06454630495790459,-0.08088235294117647,-0.11190053285968027,-0.21321793863099925,0.33333333333333326,495938327765.0,1.1841546110473755,139200.0,139200.0,-0.008000000000000007,-0.14200000000000002,-0.08899999999999997,0.03200000000000003,-0.11499999999999999,-0.008000000000000007,-0.14200000000000002,-0.08899999999999997,0.03200000000000003,-0.11499999999999999,0.0,106200.0,85300.0,85800.0,105380.0,115030.0,108993.33333333333,98281.66666666667,0.062000000000000055,-0.14700000000000002,false,false,false,false,0.7183908045977011,false,false,false,true,false,0.5592011412268189,8883.19,8933.62,8503.12,8801.49,0.0014917425054448152,-0.009197146520563077,0.09369109202722337,0.33378745148790623,true,true,-0.018415063813058907,-0.14964284456381816,-0.12164644849906092,0.007129474668493563,-0.056590418213279814,false,true,비주도주,2.0–3.0×,지수 5일 상승,지수 음봉,지수>MA20,당일 음봉,비정배열,MA20 아래,52주 고가 20%+ 아래,0.0104150638130589,0.007642844563818141,0.032646448499060954,0.024870525331506466,-0.05840958178672018,15:17,14:00–15:30
034220,20260213,hogaplay,312217,37298,147744,10,true,24897,2.113229640459173,LG디스플레이,KOSPI,false,true,11890.0,11890.0,11510.0,11600.0,3328320,-0.026028547439126748,-0.024390243902439025,0.03571428571428581,-0.07348242811501593,0.0025929127052721768,34542641483.5,1.1159555249315716,15620.0,13000.0,0.05862068965517242,0.20344827586206904,0.2775862068965518,0.002586206896551646,0.010344827586206806,0.04867634500426976,0.19214346712211783,0.2655849701110162,-0.006831767719897575,0.000853970964987294,0.00948275862068959,16050.0,10850.0,11000.0,11712.0,11891.0,12161.5,12720.333333333334,0.3836206896551724,-0.06465517241379315,false,false,true,false,0.7426376440460948,false,false,false,false,false,0.13342696629213482,5513.71,5583.74,5480.92,5507.01,-0.0027633563733754363,-0.0012151527737221976,0.08211014041665199,0.13763804707544725,true,true,0.0309133268325279,0.06157243222728859,0.10474831169727294,0.01396220453567354,0.04652433897886521,false,false,비주도주,2.0–3.0×,지수 5일 상승,지수 음봉,지수>MA20,당일 음봉,비정배열,MA20 아래,52주 고가 20%+ 아래,0.02770736282264452,0.14187584363478045,0.17283789519927883,-0.011375997639121893,-0.0361795113926584,,
034730,20251016,hogaplay,56779,59448,24656,10,true,13015,2.3028471771576897,SK,KOSPI,false,true,235000.0,235000.0,213500.0,218500.0,994779,-0.056155507559395246,-0.07021276595744681,-0.015765765765765716,-0.009070294784580546,0.8132780082987552,61169697625.0,4.201105790874438,241500.0,241500.0,0.009153318077803174,0.034324942791762014,0.05263157894736836,0.13272311212814647,0.2334096109839816,0.01379310344827589,0.03908045977011487,0.05747126436781613,0.13793103448275867,0.23908045977011505,-0.004576659038901587,256000.0,216000.0,220500.0,222600.0,220625.0,206685.0,188756.66666666666,0.17162471395881007,-0.011441647597253968,true,true,true,false,0.9047619047619048,false,false,true,true,true,0.7289156626506024,3675.82,3748.37,3675.82,3748.37,0.024906487881704242,0.019737092675919856,0.056113895768354016,0.12085700615991879,true,true,0.00013872696665484519,0.020134084948924436,0.025928603633045944,0.09031125529230044,0.11265163257629318,false,true,비주도주,2.0–3.0×,지수 5일 상승,지수 양봉,지수>MA20,당일 음봉,정배열,MA20 아래,52주 고가 5–20% 아래,0.009014591111148329,0.014190857842837579,0.02670297531432242,0.04241185683584603,0.12075797840768843,,
034730,20251226,hogaplay,28246,20865,17512,9,true,13795,1.6129511192325263,SK,KOSPI,false,true,247000.0,247500.0,243500.0,245000.0,176940,-0.0080971659919028,-0.008097165991902834,-0.025844930417495027,-0.03543307086614178,0.14754098360655732,43165168825.0,1.070721862840614,285000.0,277000.0,0.03469387755102038,0.05714285714285716,0.17346938775510212,0.14693877551020407,0.21632653061224483,0.043209876543209846,0.06584362139917688,0.1831275720164609,0.15637860082304522,0.22633744855967075,-0.008163265306122436,289500.0,243000.0,253500.0,248300.0,258475.0,247475.0,226970.0,0.18163265306122445,-0.008163265306122436,false,true,true,false,0.8596491228070176,false,false,false,true,false,0.3802521008403361,4130.37,4143.14,4116.53,4129.68,0.005125808665683573,-0.0001670552517085878,0.03383894395057219,0.03580968720136668,true,true,0.022006547722825953,0.04357480482749265,0.0958427771643322,0.13632048972317468,0.23129395013657228,false,true,비주도주,1.5–2.0×,지수 5일 상승,지수 음봉,지수>MA20,당일 음봉,비정배열,MA20 아래,52주 고가 5–20% 아래,0.012687329828194427,0.01356805231536451,0.07762661059076992,0.010618285787029391,-0.014967419524327452,,
034730,20260311,hogaplay,22062,50969,14254,10,true,25461,1.5477760628595483,SK,KOSPI,false,true,401500.0,402500.0,351000.0,359500.0,1048503,0.024216524216524205,-0.10460772104607721,0.08939393939393936,0.08446455505279027,0.695754716981132,123012625525.0,3.4374797657274905,424000.0,424000.0,-0.06536856745479835,-0.08066759388038947,-0.01947148817802502,-0.037552155771905404,-0.04867872044506261,-0.04680851063829783,-0.062411347517730476,0.0,-0.018439716312056764,-0.029787234042553234,-0.01947148817802502,365000.0,321500.0,329000.0,351500.0,360675.0,307925.0,274212.5,0.015299026425591,-0.10570236439499303,false,false,false,false,0.847877358490566,true,false,true,true,false,0.6508620689655172,5658.72,5746.36,5559.69,5609.95,0.013982601277159556,-0.008618556846778147,0.10138528410496428,0.08644794202460693,false,true,-0.004759400707671113,-0.010713107959963941,0.056164493444682995,0.005750496884999068,0.04677225287212905,false,true,비주도주,1.5–2.0×,지수 5일 상승,지수 음봉,지수<MA20,당일 음봉,비정배열,MA20 아래,52주 고가 5–20% 아래,-0.06060916674712724,-0.06995448592042552,-0.07563598162270802,-0.04330265265690447,-0.09545097331719166,,
035720,20260821,hogaplay,435780,64454,184430,10,true,43797,2.362847692891612,카카오,KOSPI,false,true,38150.0,38750.0,33600.0,35800.0,10055024,-0.07493540051679581,-0.061598951507208385,-0.10723192019950123,-0.03633916554508754,-0.37630662020905925,106452503122.5,4.1261636251209355,69700.0,41450.0,0.0,0.015363128491620026,0.029329608938547524,,,0.02285714285714291,0.03857142857142848,0.052857142857142936,,,-0.022346368715083775,,,,38030.0,37962.5,37510.0,42775.0,,,,,,false,0.5136298421807748,false,false,false,false,true,0.19444444444444445,6759.95,6954.12,6742.44,6912.95,0.008809820534747548,0.022633303500765537,0.014619848708562921,-0.02591839524073225,true,false,-0.031244258963250116,-0.015151274058108344,-0.017947475390390433,,,false,false,비주도주,2.0–3.0×,지수 5일 상승,지수 양봉,지수>MA20,당일 음봉,정배열,MA20 아래,52주 고가 20%+ 아래,0.031244258963250116,0.03051440254972837,0.04727708432893796,,,12:21,12:00–14:00
035900,20260813,hogaplay,77126,54108,15093,10,true,12203,5.110051017027761,JYP Ent.,KOSDAQ,false,true,44750.0,44750.0,40800.0,40850.0,1758876,-0.1119565217391304,-0.08715083798882682,-0.13361611876988333,-0.1471816283924844,-0.4222065063649222,12902540440.0,8.149278999741002,88500.0,49450.0,0.004895960832313362,-0.022031823745410017,-0.05018359853121179,-0.01835985312117505,,-0.0012165450121655041,-0.027980535279805374,-0.05596107055961075,-0.024330900243308973,,0.006119951040391758,41800.0,38150.0,38800.0,45510.0,45072.5,51198.333333333336,57228.333333333336,0.023255813953488413,-0.06609547123623016,false,false,false,false,0.4615819209039548,false,false,false,false,false,0.07532467532467532,863.15,870.96,853.09,861.37,0.0028640951904157497,-0.002062213983664453,0.07446954482517754,0.038508373220163206,true,false,0.0038078874351323844,-0.0428503430581515,-0.06899474093595082,-0.026655212045926913,,false,false,비주도주,≥3.0×,지수 5일 상승,지수 음봉,지수>MA20,당일 음봉,비정배열,MA20 아래,52주 고가 20%+ 아래,0.0010880733971809775,0.02081851931274148,0.018811142404739023,0.008295358924751861,,13:27,12:00–14:00
039030,20260716,hogaplay,4001,20836,2004,9,true,15434,1.996506986027944,이오테크닉스,KOSDAQ,false,true,371000.0,372500.0,340000.0,344000.0,118534,-0.10649350649350653,-0.07277628032345014,0.004379562043795637,-0.3228346456692913,0.15050167224080258,81433797900.0,0.6157212169914206,623000.0,525000.0,-0.07848837209302328,-0.10319767441860461,-0.13226744186046513,-0.13953488372093026,0.17441860465116288,-0.024615384615384595,-0.05076923076923079,-0.08153846153846156,-0.08923076923076922,0.24307692307692297,-0.05523255813953487,343500.0,230000.0,240000.0,364800.0,417425.0,463691.6666666667,431058.3333333333,-0.0014534883720930258,-0.33139534883720934,false,false,false,false,0.5521669341894061,false,false,false,false,false,0.6285046728971962,813.32,816.47,786.59,791.84,-0.04532028019242118,-0.02641026902080364,-0.0027204030226699594,-0.20889572697391423,false,false,-0.05329359466558903,-0.0514624166498282,-0.05508688623964442,-0.09102849060416252,0.09195039401899363,false,false,비주도주,1.5–2.0×,지수 5일 하락,지수 음봉,지수<MA20,당일 음봉,비정배열,MA20 아래,52주 고가 20%+ 아래,-0.025194777427434256,-0.05173525776877641,-0.07718055562082071,-0.04850639311676774,0.08246821063216925,15:14,14:00–15:30
039490,20260819,hogaplay,11932,27999,7405,10,true,10832,1.611343686698177,키움증권,KOSPI,false,true,272500.0,275500.0,261500.0,265500.0,303599,-0.06349206349206349,-0.025688073394495414,-0.11499999999999999,-0.1309328968903437,-0.4375,35604837075.0,2.6460968852914095,517000.0,320500.0,0.03766478342749524,0.007532956685499137,0.048964218455743946,0.03201506591337089,,0.024163568773234223,-0.005576208178438624,0.03531598513011147,0.018587360594795488,,0.013182674199623268,290000.0,259000.0,267500.0,289100.0,287925.0,327200.0,380825.0,0.09227871939736354,-0.024482109227871973,false,true,false,false,0.5135396518375241,false,false,false,false,false,0.10632911392405063,6528.77,6614.39,6400.81,6471.17,-0.05803054806305252,-0.008822488768941218,0.019799764558673605,-0.041016901429322905,true,false,0.05893988258692007,0.03489168110248997,0.05208331723629578,0.014147364386965622,,false,false,비주도주,1.5–2.0×,지수 5일 상승,지수 음봉,지수>MA20,당일 음봉,비정배열,MA20 아래,52주 고가 20%+ 아래,-0.021275099159424826,-0.02735872441699083,-0.003119098780551832,0.017867701526405266,,14:31,14:00–15:30
042660,20251127,hogaplay,94862,71953,51883,10,true,49101,1.8283830927278684,한화오션,KOSPI,false,true,113500.0,113600.0,110000.0,110500.0,1348372,-0.02985074626865669,-0.02643171806167401,-0.11599999999999999,-0.2163120567375887,0.4203084832904884,281115813265.0,0.5464028166507356,151600.0,151600.0,-0.024434389140271517,-0.03981900452488685,-0.03619909502262442,0.0235294117647058,0.05429864253393668,-0.020000000000000018,-0.035454545454545405,-0.03181818181818186,0.028181818181818086,0.05909090909090908,-0.004524886877828038,115900.0,104300.0,105000.0,115200.0,125710.0,118983.33333333333,105592.5,0.048868778280543035,-0.056108597285067896,false,false,false,false,0.728891820580475,false,false,false,true,false,0.5983086680761099,3989.45,4023.42,3968.43,3986.91,0.006574313219065431,-0.0006366792414994457,-0.004479568523165667,-0.024463589673321295,false,true,-0.015129511325813638,0.0020115829050568745,0.01043414574194057,0.031029042541717677,0.03580968720136668,false,true,비주도주,1.5–2.0×,지수 5일 하락,지수 음봉,지수<MA20,당일 음봉,비정배열,MA20 아래,52주 고가 20%+ 아래,-0.00930487781445788,-0.04183058742994372,-0.04663324076456499,-0.007499630777011879,0.01848895533257,,
042660,20260413,hogaplay,109384,41739,52264,10,true,3816,2.0929129037195775,한화오션,KOSPI,false,true,120700.0,121600.0,120000.0,120100.0,592187,-0.02674230145867096,-0.004971002485501243,-0.015573770491803307,-0.08946171341925702,0.10082493125572878,197509191010.0,0.36251806584958945,154800.0,139000.0,0.033305578684429626,0.09825145711906735,0.07160699417152383,0.11157368859283934,0.010824313072439695,0.007305194805194759,0.07061688311688319,0.044642857142857206,0.08360389610389607,-0.01461038961038963,0.025811823480432983,137500.0,121900.0,124100.0,123120.0,124490.0,132861.66666666666,127162.5,0.14487926727726896,0.014987510407993287,true,true,false,false,0.7758397932816538,false,false,false,false,false,0.21311475409836064,5737.28,5827.73,5730.23,5808.62,-0.008576739200562566,0.012434463717998799,0.06573730397975908,0.04662648540050629,true,true,0.027395491528108273,0.07186388505359287,0.07066566585522893,0.13882987697594262,0.35040853076978706,false,true,비주도주,2.0–3.0×,지수 5일 상승,지수 양봉,지수>MA20,당일 음봉,비정배열,MA20 아래,52주 고가 20%+ 아래,0.005910087156321353,0.026387572065474485,0.0009413283162948982,-0.027256188383103286,-0.33958421769734737,15:04,14:00–15:30
042660,20260622,hogaplay,86580,58825,55101,10,true,47533,1.5712963467087713,한화오션,KOSPI,false,true,125100.0,125200.0,116300.0,116500.0,2060359,-0.09267912772585674,-0.06874500399680256,-0.05591572123176658,0.0255281690140845,0.06392694063926951,278589653775.0,0.9314791327613843,154800.0,141900.0,-0.10300429184549353,-0.09356223175965661,-0.09442060085836912,-0.0034334763948498104,-0.2969957081545065,-0.11739864864864868,-0.10810810810810811,-0.10895270270270274,-0.019425675675675658,-0.308277027027027,0.016309012875536544,123000.0,95500.0,98000.0,126460.0,119795.0,123511.66666666667,128246.66666666667,0.05579399141630903,-0.1802575107296137,false,false,false,false,0.7525839793281653,false,false,false,false,false,0.34831460674157305,8954.43,9253.0,8900.68,9114.55,0.0068633580854622345,0.017881651875105282,0.06653069630399311,0.16620114412347609,true,true,-0.09991826255821723,-0.020214931071747877,-0.07898360314003428,-0.11665084946596371,-0.25965077815141724,false,true,비주도주,1.5–2.0×,지수 5일 상승,지수 양봉,지수>MA20,당일 음봉,비정배열,MA20 아래,52주 고가 20%+ 아래,-0.003086029287276304,-0.07334730068790873,-0.015436997718334844,0.1132173730711139,-0.03734493000308925,13:52,12:00–14:00
042660,20260707,hogaplay,153464,66740,58543,10,true,43823,2.621389406077584,한화오션,KOSPI,false,true,92800.0,93800.0,87000.0,89800.0,5505662,-0.22652885443583115,-0.032327586206896554,-0.1046859421734796,-0.12133072407045009,-0.30763299922899,271688551330.0,2.5019990295410564,154800.0,141900.0,-0.0868596881959911,-0.09465478841870822,-0.14476614699331847,-0.0657015590200446,0.023385300668151476,-0.08379888268156421,-0.09162011173184359,-0.14189944134078214,-0.06256983240223468,0.02681564245810053,-0.0033407572383074013,89700.0,74000.0,76800.0,104120.0,111180.0,119905.0,126908.33333333333,-0.00111358574610243,-0.17594654788418707,false,false,false,false,0.5801033591731266,false,false,false,false,false,0.08639308855291576,7919.2,7954.55,7389.22,7656.31,-0.049062701441873524,-0.033196535003535636,-0.09675832421004937,-0.05441815601715716,false,true,-0.05348790736007303,-0.023558345991737673,-0.10442105923088285,-0.11214410074827175,-0.13819320273081948,false,true,비주도주,2.0–3.0×,지수 5일 하락,지수 음봉,지수<MA20,당일 음봉,비정배열,MA20 아래,52주 고가 20%+ 아래,-0.033371780835918075,-0.07109644242697055,-0.040345087762435616,0.04644254172822715,0.16157850339897095,10:28,10:00–12:00
042700,20251113,hogaplay,81825,56176,53520,10,true,55740,1.5288677130044843,한미반도체,KOSPI,false,true,131300.0,133500.0,128200.0,133500.0,1001104,0.01830663615560635,0.016755521706016754,0.03488372093023262,-0.0887372013651877,0.557759626604434,241006094535.0,0.5587873664882529,159200.0,159200.0,-0.05917602996254678,-0.0883895131086142,-0.07490636704119846,-0.06891385767790259,-0.09363295880149813,-0.0271107668474051,-0.05731990704879941,-0.043377226955848225,-0.03718048024786991,-0.06274206041828045,-0.032958801498127355,134200.0,113400.0,119600.0,130220.0,140225.0,110138.33333333333,99518.33333333333,0.005243445692883819,-0.15056179775280898,false,false,false,false,0.8385678391959799,true,false,true,true,false,0.62426614481409,4127.57,4188.54,4123.84,4170.63,0.004876650146130812,0.010432288247080099,0.03580821815743396,0.11265163257629318,true,true,-0.03813812301738584,-0.05203290629952795,-0.039749390379870686,-0.04405089878507573,-0.014388713455760982,false,true,비주도주,1.5–2.0×,지수 5일 상승,지수 양봉,지수>MA20,당일 양봉,비정배열,MA20 아래,52주 고가 5–20% 아래,-0.021037906945160945,-0.036356606809086256,-0.03515697666132778,-0.02486295889282686,-0.07924424534573715,,
042700,20251204,hogaplay,83871,70987,54359,10,true,41796,1.5429091778730293,한미반도체,KOSPI,false,true,120800.0,120800.0,115600.0,116100.0,1278823,-0.0444444444444444,-0.03890728476821192,-0.0659694288012872,-0.09999999999999998,0.3531468531468531,140174365520.0,1.109057995413727,159200.0,136900.0,0.025839793281653645,0.04478897502153312,0.042204995693367886,0.0025839793281654533,0.5822566752799312,0.02849740932642497,0.04749568221070821,0.04490500863557867,0.005181347150259086,0.5863557858376511,-0.0025839793281653423,127900.0,115000.0,116300.0,120680.0,124545.0,119038.33333333333,104507.5,0.10163652024117131,-0.009474590869939736,false,true,false,false,0.7292713567839196,false,false,false,true,false,0.543046357615894,4018.91,4028.53,3982.54,4028.51,-0.0019299853826524327,0.002388707385833563,0.01043414574194057,0.0005116169330303677,true,true,0.017758426812891193,0.028556463804235266,0.020382225686419897,-0.00843984500472883,0.12336322858823712,false,true,비주도주,1.5–2.0×,지수 5일 상승,지수 양봉,지수>MA20,당일 음봉,비정배열,MA20 아래,52주 고가 20%+ 아래,0.008081366468762452,0.01623251121729785,0.02182277000694799,0.011023824332894283,0.4588934466916941,,
043260,20260616,hogaplay,163019,58780,93551,10,true,1110,1.7425682248185481,성호전자,KOSDAQ,false,true,43500.0,43900.0,39650.0,40600.0,2813261,-0.051401869158878455,-0.06666666666666667,-0.14164904862579286,-0.0012300123001229846,6.368421052631579,216740275980.0,0.5864157420905604,59600.0,57700.0,0.051724137931034475,-0.06034482758620685,-0.22660098522167482,-0.2697044334975369,-0.5463054187192118,0.053020961775585684,-0.05918618988902591,-0.2256473489519112,-0.26880394574599265,-0.5457459926017263,-0.0012315270935960854,45600.0,26250.0,28450.0,43240.0,42020.0,44136.666666666664,32441.666666666668,0.12315270935960587,-0.35344827586206895,false,false,false,false,0.6812080536912751,false,false,false,true,false,0.9946332737030411,1039.0,1040.86,1015.73,1018.68,-0.014844830420780886,-0.019557266602502454,0.05256196980812344,-0.0983696518029421,false,false,0.013036478580123356,-0.05113480190049857,-0.12482820905485525,-0.1006204107276083,-0.23039619900263075,true,false,주도주(RS상위20%),1.5–2.0×,지수 5일 상승,지수 음봉,지수<MA20,당일 음봉,비정배열,MA20 아래,52주 고가 20%+ 아래,0.03868765935091112,-0.009210025685708279,-0.10177277616681957,-0.16908402276992862,-0.31590921971658104,13:44,12:00–14:00
051910,20260821,hogaplay,12381,17885,6972,10,true,15100,1.7758175559380378,LG화학,KOSPI,false,true,261000.0,262000.0,251500.0,252500.0,141218,-0.04356060606060608,-0.032567049808429116,-0.08348457350272231,-0.06998158379373853,-0.34838709677419355,47265015825.0,0.7637748600825983,437500.0,282500.0,0.08118811881188126,0.0435643564356436,0.09702970297029712,,,0.08118811881188126,0.0435643564356436,0.09702970297029712,,,0.0,,,,266700.0,261400.0,289558.3333333333,319895.8333333333,,,,,,false,0.5771428571428572,false,false,false,false,false,0.26262626262626265,6759.95,6954.12,6742.44,6912.95,0.008809820534747548,0.022633303500765537,0.014619848708562921,-0.02591839524073225,true,false,-0.031244258963250116,-0.015151274058108344,-0.017947475390390433,,,false,false,비주도주,1.5–2.0×,지수 5일 상승,지수 양봉,지수>MA20,당일 음봉,비정배열,MA20 아래,52주 고가 20%+ 아래,0.11243237777513138,0.05871563049375195,0.11497717836068755,,,14:38,14:00–15:30
052690,20260821,hogaplay,14740,12365,6628,10,true,8163,2.223898611949306,한전기술,KOSPI,false,true,94800.0,94800.0,90100.0,91500.0,75632,-0.0286624203821656,-0.03481012658227848,-0.08316633266533069,-0.04786680541103017,-0.4560047562425684,11265408255.0,0.6284227695237556,198000.0,105700.0,-0.013114754098360604,0.3486338797814208,0.3377049180327869,,,-0.01526717557251911,0.3456924754634678,0.33478735005452553,,,0.002185792349726823,,,,95340.0,95440.0,107540.0,137030.0,,,,,,false,0.4621212121212121,false,false,false,false,false,0.10858585858585859,6759.95,6954.12,6742.44,6912.95,0.008809820534747548,0.022633303500765537,0.014619848708562921,-0.02591839524073225,true,false,-0.031244258963250116,-0.015151274058108344,-0.017947475390390433,,,false,false,비주도주,2.0–3.0×,지수 5일 상승,지수 양봉,지수>MA20,당일 음봉,비정배열,MA20 아래,52주 고가 20%+ 아래,0.018129504864889512,0.36378515383952914,0.35565239342317734,,,11:25,10:00–12:00
053690,20250915,hogaplay,36794,5134,24235,10,true,3726,1.5182174540953166,한미글로벌,KOSPI,false,true,21000.0,21100.0,20550.0,20700.0,128134,-0.018957345971563955,-0.014285714285714285,-0.03944315545243615,0.002421307506053294,0.28332300061996274,2961492587.5,0.9095910481941138,23750.0,21950.0,0.0314009661835748,-0.03140096618357491,-0.0024154589371980784,0.024154589371980784,0.004830917874396157,0.019093078758949833,-0.042959427207637235,-0.014319809069212375,0.01193317422434359,-0.007159904534606243,0.012077294685990392,24400.0,19870.0,20050.0,21320.0,20810.5,20290.833333333332,18357.166666666668,0.1787439613526569,-0.0400966183574879,false,false,true,false,0.871578947368421,false,false,true,true,true,,3407.78,3420.23,3391.33,3407.31,0.003466311691218582,-0.0001379197013892489,0.05830556064592063,0.07239840366602879,true,true,0.012417420193642448,0.01584534427451567,0.018002471157599453,0.007014330953156733,0.1195605917864826,,false,유니버스 밖,1.5–2.0×,지수 5일 상승,지수 음봉,지수>MA20,당일 음봉,정배열,MA20 아래,52주 고가 5–20% 아래,0.01898354598993235,-0.04724631045809058,-0.020417930094797532,0.01714025841882405,-0.11472967391208644,,
053690,20260819,hogaplay,30280,4928,8254,10,true,4782,3.668524351829416,한미글로벌,KOSPI,false,true,17000.0,17720.0,16910.0,17390.0,55170,-0.01640271493212675,0.022941176470588236,-0.09190600522193215,0.1702557200538357,-0.1454545454545455,2821835099.5,0.3474128854475751,34750.0,20400.0,-0.005750431282346202,-0.056354226566992516,0.19896492236917762,0.18171362852213924,,-0.009169054441260704,-0.05959885386819486,0.19484240687679089,0.17765042979942702,,0.0034502587694076325,23950.0,16120.0,16410.0,18562.0,17507.5,18027.333333333332,21844.333333333332,0.3772282921219092,-0.07303047728579648,false,false,true,false,0.5004316546762589,false,false,false,false,false,,6528.77,6614.39,6400.81,6471.17,-0.05803054806305252,-0.008822488768941218,0.019799764558673605,-0.041016901429322905,true,false,0.05893988258692007,0.03489168110248997,0.05208331723629578,0.014147364386965622,,,false,유니버스 밖,≥3.0×,지수 5일 상승,지수 음봉,지수>MA20,당일 양봉,비정배열,MA20 아래,52주 고가 20%+ 아래,-0.06469031386926627,-0.09124590766948248,0.14688160513288184,0.16756626413517361,,14:18,14:00–15:30
054450,20260902,hogaplay,21224,1837,12175,10,true,1854,1.7432443531827515,텔레칩스,KOSDAQ,false,true,9700.0,9710.0,9460.0,9480.0,27907,-0.03462321792260692,-0.02268041237113402,-0.014553014553014498,0.04520396912899671,-0.27076923076923076,552035228.5,0.47779004768141625,19530.0,10500.0,,,,,,,,,,,,,,,9650.0,9736.0,10185.833333333334,12113.25,,,,,,false,0.48540706605222733,false,false,false,false,false,,802.8,819.62,796.34,803.98,-0.021028919330289164,0.0014698555057300246,-0.027682707076082114,0.02979301157905523,false,false,-0.002848329560436791,,,,,,false,유니버스 밖,1.5–2.0×,지수 5일 하락,지수 양봉,지수<MA20,당일 음봉,비정배열,MA20 아래,52주 고가 20%+ 아래,,,,,,,
056080,20250903,hogaplay,48542,10019,28424,10,true,3809,1.7077821559245707,유진로봇,KOSDAQ,false,true,10390.0,10420.0,10040.0,10090.0,334051,-0.02887391722810395,-0.028873917228103944,-0.008840864440078589,-0.010784313725490158,0.26918238993710686,2138227537.0,1.6906279116493304,20900.0,10750.0,-0.003964321110009883,0.062438057482656184,0.07234886025768095,0.12784935579781953,0.05649157581764119,-0.00691699604743079,0.059288537549407216,0.06916996047430835,0.12450592885375489,0.05335968379446632,0.0029732408325073845,12470.0,9960.0,10050.0,10088.0,10200.5,10516.5,9704.0,0.23587710604558976,-0.012884043607532258,false,true,true,false,0.48277511961722486,true,false,false,true,false,,793.28,796.92,789.27,796.81,0.003539042821158578,0.004449878983461039,-0.006124332684727896,-0.002241422489356437,false,true,0.010805587279276052,0.02734654434557804,0.045418606694193064,0.061143810946147736,0.06090536012349257,,false,유니버스 밖,1.5–2.0×,지수 5일 하락,지수 양봉,지수<MA20,당일 음봉,비정배열,MA20 아래,52주 고가 20%+ 아래,-0.014769908389285935,0.035091513137078145,0.026930253563487883,0.0667055448516718,-0.004413784305851376,,
058470,20260427,hogaplay,103787,68028,35385,10,true,27224,2.9330789882718666,리노공업,KOSDAQ,false,true,113800.0,114000.0,105900.0,109800.0,3215459,-0.117363344051447,-0.0351493848857645,-0.05831903945111494,0.11585365853658547,0.8865979381443299,98744704570.0,4.336906758080736,129000.0,129000.0,0.014571948998178597,0.08652094717668479,0.06284153005464477,0.022768670309653904,-0.0974499089253188,0.0017985611510791255,0.07284172661870514,0.049460431654676285,0.009892086330935301,-0.10881294964028776,0.012750455373406133,124000.0,106200.0,108400.0,119240.0,112315.0,107273.33333333333,84817.5,0.12932604735883424,-0.032786885245901676,true,true,false,false,0.8511627906976744,false,false,true,true,true,0.706821480406386,1213.13,1229.42,1209.28,1226.18,0.018557283359915022,0.010757297239372493,0.04369068391709585,0.1076103157038979,true,true,-0.00864473405209687,-0.02758975028136179,-0.013056810582459333,-0.04016539170431743,-0.09934919832324796,false,false,비주도주,2.0–3.0×,지수 5일 상승,지수 양봉,지수>MA20,당일 음봉,정배열,MA20 아래,52주 고가 5–20% 아래,0.023216683050275466,0.11411069745804658,0.0758983406371041,0.06293406201397134,0.0018992893979291603,,
058470,20260528,hogaplay,32227,41990,20667,10,true,1080,1.5593458170029515,리노공업,KOSDAQ,false,true,101500.0,101800.0,95800.0,99100.0,1028481,-0.0331707317073171,-0.023645320197044337,0.024819027921406445,-0.0974499089253188,0.529320987654321,122020854405.0,0.8452190086322412,129000.0,124000.0,-0.017154389505549927,-0.06357214934409683,-0.05045408678102925,0.0544904137235116,-0.14934409687184658,-0.03277060575968227,-0.0784508440913605,-0.06554121151936443,0.037735849056603765,-0.1628599801390268,0.016145307769929396,109500.0,85100.0,85100.0,104580.0,108740.0,110990.0,93278.33333333333,0.10494450050454085,-0.141271442986882,false,false,false,false,0.7682170542635659,false,false,false,true,false,0.6063977746870653,1135.84,1136.13,1066.79,1104.36,-0.025389849355325733,-0.027715171150866337,0.045726135578133986,-0.09934919832324796,false,false,-0.026766634068600803,-0.07092795827447562,-0.09228874642326768,-0.06819334275055233,-0.22908290774747353,false,false,비주도주,1.5–2.0×,지수 5일 상승,지수 음봉,지수<MA20,당일 음봉,비정배열,MA20 아래,52주 고가 20%+ 아래,0.009612244563050876,0.007355808930378793,0.041834659642238425,0.12268375647406393,0.07973881087562695,,
058470,20260615,hogaplay,57999,60877,29145,10,true,1887,1.9900154400411734,리노공업,KOSDAQ,false,true,107000.0,107700.0,96600.0,96800.0,2026686,-0.0736842105263158,-0.09532710280373832,0.13748531139835496,-0.15236427320490364,0.5220125786163523,125841794680.0,1.6886469184626285,129000.0,114800.0,-0.02169421487603307,-0.04648760330578516,-0.045454545454545414,-0.11880165289256195,-0.253099173553719,-0.03367346938775506,-0.05816326530612248,-0.05714285714285716,-0.12959183673469388,-0.2622448979591837,0.012396694214876103,99200.0,82100.0,84300.0,98620.0,98855.0,107555.0,96111.66666666667,0.024793388429751984,-0.15185950413223137,false,false,false,false,0.7503875968992249,false,false,false,true,false,0.6440972222222222,1048.19,1054.32,1025.42,1034.03,0.004839414994412428,-0.013509001230692987,0.13456368843195565,-0.1318624117405066,false,false,-0.014844830420780886,-0.03201067667282387,-0.06347011208572284,-0.10972602342291804,-0.2269469938009535,false,false,비주도주,1.5–2.0×,지수 5일 상승,지수 음봉,지수<MA20,당일 음봉,비정배열,MA20 아래,52주 고가 20%+ 아래,-0.006849384455252183,-0.014476926632961296,0.018015566631177427,-0.009075629469643909,-0.026152179752765514,,
058610,20260320,hogaplay,24200,32314,8660,9,true,1265,2.7944572748267897,에스피지,KOSDAQ,false,true,123500.0,124000.0,118900.0,120500.0,668177,-0.021915584415584388,-0.024291497975708502,-0.07521105141980045,-0.13433908045977017,3.462962962962963,61050549795.0,1.4586063630127306,165700.0,155000.0,-0.08630705394190874,-0.04730290456431541,-0.07634854771784227,-0.12199170124481329,-0.0489626556016598,-0.04509973980919346,-0.004336513443191636,-0.034692107545533424,-0.08239375542064176,-0.006071118820468291,-0.043153526970954315,121100.0,101500.0,104600.0,124600.0,130915.0,117041.66666666667,79334.58333333333,0.004979253112033177,-0.15767634854771784,false,false,false,false,0.7272178636089318,false,false,true,true,false,0.9751098096632503,1153.67,1165.96,1144.37,1161.52,0.015776401860985834,0.006804372134145734,0.0074243685817374505,0.0006978487305182579,true,true,-0.05564260624009909,-0.0016960534472071354,-0.017227426131276258,-0.08417418554996903,0.007335215923961691,true,true,주도주(RS상위20%),2.0–3.0×,지수 5일 상승,지수 양봉,지수>MA20,당일 음봉,비정배열,MA20 아래,52주 고가 20%+ 아래,-0.03066444770180965,-0.04560685111710827,-0.05912112158656602,-0.03781751569484426,-0.05629787152562149,,
059090,20260303,hogaplay,76740,12735,35922,10,true,9685,2.136295306497411,미코,KOSDAQ,false,true,15390.0,16140.0,14760.0,14760.0,542790,-0.07344632768361581,-0.04093567251461988,-0.0809464508094645,-0.09669522643818851,-0.097799511002445,9459193393.0,0.9246694007493571,18800.0,18800.0,-0.15243902439024393,0.021680216802167918,-0.04878048780487809,-0.029132791327913243,-0.14905149051490518,-0.12517482517482514,0.05454545454545445,-0.018181818181818188,0.002097902097902171,-0.12167832167832171,-0.031165311653116534,15120.0,12470.0,12510.0,16028.0,16886.5,14734.166666666666,14939.333333333334,0.024390243902439046,-0.15514905149051494,false,false,false,false,0.7851063829787234,false,false,true,false,false,0.08490566037735849,1169.82,1215.67,1137.7,1137.7,-0.04617783665051389,-0.0274572156400129,-0.012404621567895568,0.0036876279201072393,false,true,-0.13998417860595935,0.014916058714951275,-0.000017579326711758547,-0.000668014415047935,-0.07498461808912715,false,false,비주도주,2.0–3.0×,지수 5일 하락,지수 음봉,지수<MA20,당일 음봉,비정배열,MA20 아래,52주 고가 20%+ 아래,-0.012454845784284574,0.006764158087216643,-0.048762908478166334,-0.02846477691286531,-0.07406687242577803,,
059090,20260720,hogaplay,25718,8958,8233,10,true,9188,3.1237701931252277,미코,KOSDAQ,false,true,14510.0,14890.0,13810.0,14150.0,212001,-0.05414438502673802,-0.024810475534114404,-0.17396380618797436,-0.3147699757869249,0.08015267175572527,6205852041.0,0.5643018979619215,29250.0,22300.0,0.040282685512367467,0.11024734982332163,0.08056537102473493,0.054416961130742125,0.20989399293286226,0.05142857142857138,0.12214285714285711,0.09214285714285708,0.06571428571428561,0.22285714285714286,-0.010600706713780883,16165.0,11300.0,11910.0,15274.0,17010.0,20207.5,17788.0,0.14240282685512362,-0.20141342756183744,false,false,false,false,0.48376068376068376,false,false,false,false,false,0.6229116945107399,773.21,783.74,747.0,749.64,-0.05329359466558903,-0.030483309838207018,-0.10483264272834736,-0.224448835597306,false,false,0.004935702470519221,0.05421268875727003,0.020303078811162667,-0.016394536043967678,0.1128008110559735,false,false,비주도주,≥3.0×,지수 5일 하락,지수 음봉,지수<MA20,당일 음봉,비정배열,MA20 아래,52주 고가 20%+ 아래,0.035346983041848246,0.056034661066051594,0.060262292213572266,0.0708114971747098,0.09709318187688876,10:12,10:00–12:00
062040,20260602,hogaplay,30974,37740,12165,10,true,1538,2.5461570078092888,산일전기,KOSPI,false,true,244000.0,244000.0,220500.0,225000.0,385231,-0.09090909090909094,-0.0778688524590164,-0.17883211678832112,-0.15413533834586468,0.5120967741935485,155988178150.0,0.5996830590715001,341000.0,341000.0,-0.011111111111111072,-0.05111111111111111,-0.028888888888888853,0.11555555555555563,0.16222222222222227,-0.006696428571428603,-0.046875,-0.024553571428571397,0.12053571428571419,0.1674107142857142,-0.004444444444444473,261500.0,198000.0,213000.0,248500.0,281575.0,205898.33333333334,175550.83333333334,0.16222222222222227,-0.12,false,false,false,false,0.6598240469208211,false,false,true,true,false,0.666191155492154,8883.19,8933.62,8503.12,8801.49,0.0014917425054448152,-0.009197146520563077,0.09369109202722337,0.33378745148790623,true,true,-0.018415063813058907,-0.14964284456381816,-0.12164644849906092,0.007129474668493563,-0.056590418213279814,false,false,비주도주,2.0–3.0×,지수 5일 상승,지수 음봉,지수>MA20,당일 음봉,비정배열,MA20 아래,52주 고가 20%+ 아래,0.007303952701947836,0.09853173345270705,0.09275755961017207,0.10842608088706207,0.21881264043550208,12:42,12:00–14:00
062040,20260703,hogaplay,36025,41930,13046,10,true,23926,2.761382799325464,산일전기,KOSPI,false,true,245000.0,245500.0,207000.0,221000.0,397158,-0.0714285714285714,-0.09795918367346938,0.027906976744185963,0.0,0.5853658536585367,77594009450.0,1.2214721341424033,341000.0,272500.0,-0.06334841628959276,-0.1936651583710407,-0.14434389140271497,-0.2755656108597285,-0.3411764705882353,-0.056947608200455635,-0.18815489749430525,-0.138496583143508,-0.2706150341685649,-0.33667425968109344,-0.006787330316742057,220500.0,155000.0,160100.0,235900.0,231650.0,236931.66666666666,192087.5,-0.002262443438914019,-0.29864253393665163,false,false,false,false,0.6480938416422287,false,false,false,true,false,0.7761194029850746,7739.75,8136.28,7378.1,8088.34,0.05756339164418822,0.04503892244581545,-0.038385678160454795,-0.00885352652197946,false,true,-0.004575722583373132,-0.10404483491050076,-0.07571392893968365,-0.19436250207088224,-0.226361651463712,false,false,비주도주,2.0–3.0×,지수 5일 하락,지수 양봉,지수<MA20,당일 음봉,비정배열,MA20 아래,52주 고가 20%+ 아래,-0.058772693706219625,-0.08962032346053994,-0.06862996246303132,-0.08120310878884629,-0.11481481912452329,13:48,12:00–14:00
064350,20251016,hogaplay,83004,55985,51238,10,true,28436,1.6199695538467545,현대로템,KOSPI,false,true,213500.0,214000.0,204500.0,207000.0,769928,-0.030444964871194413,-0.03044496487119438,-0.08407079646017701,-0.025882352941176467,0.9602272727272727,167337971675.0,1.0016328141658175,233500.0,233500.0,-0.02657004830917875,0.021739130434782705,0.16666666666666674,0.1183574879227054,-0.05555555555555558,-0.021844660194174748,0.02669902912621369,0.17233009708737868,0.12378640776699035,-0.050970873786407744,-0.004830917874396157,249500.0,201500.0,201500.0,210500.0,217225.0,200796.66666666666,177775.83333333334,0.20531400966183577,-0.02657004830917875,false,false,true,false,0.8865096359743041,false,false,true,true,false,0.7871485943775101,3675.82,3748.37,3675.82,3748.37,0.024906487881704242,0.019737092675919856,0.056113895768354016,0.12085700615991879,true,true,0.00013872696665484519,0.020134084948924436,0.025928603633045944,0.09031125529230044,0.11265163257629318,false,false,비주도주,1.5–2.0×,지수 5일 상승,지수 양봉,지수>MA20,당일 음봉,비정배열,MA20 아래,52주 고가 5–20% 아래,-0.026708775275833596,0.0016050454858582697,0.1407380630336208,0.028046232630404955,-0.16820718813184876,,
064350,20260901,hogaplay,19759,42431,11827,10,true,20040,1.6706688086581551,현대로템,KOSPI,false,true,135600.0,137100.0,129000.0,130300.0,482570,-0.043318649045521296,-0.03908554572271387,-0.02470059880239517,0.004626060138781751,-0.393953488372093,48795504855.0,1.4099263701546838,282000.0,152400.0,-0.05679201841903303,,,,,-0.0338050314465409,,,,,-0.02379125095932466,,,,136120.0,140325.0,163493.33333333334,186292.5,,,,,,false,0.46205673758865246,false,false,false,false,false,0.11822660098522167,6784.29,6857.35,6732.47,6835.8,0.00231377620593487,0.007592541002816834,0.013801510958453056,0.09242582841253233,true,false,-0.03994850639281433,,,,,false,false,비주도주,1.5–2.0×,지수 5일 상승,지수 양봉,지수>MA20,당일 음봉,비정배열,MA20 아래,52주 고가 20%+ 아래,-0.0168435120262187,,,,,13:53,12:00–14:00
066570,20260109,hogaplay,103693,64886,64684,10,true,23240,1.6030703110506461,LG전자,KOSPI,false,true,92000.0,92200.0,87900.0,89100.0,1547720,-0.033622559652928374,-0.03152173913043478,-0.02516411378555794,-0.06701570680628277,0.15414507772020736,59746268865.0,2.5814151850032006,102500.0,97100.0,-0.012345679012345734,0.038159371492704874,0.10437710437710446,0.18518518518518512,0.11335578002244673,-0.010123734533183382,0.040494938132733305,0.10686164229471307,0.1878515185601799,0.11586051743532066,-0.002244668911335568,111600.0,86600.0,88000.0,92120.0,93220.0,90376.66666666667,83581.66666666667,0.2525252525252526,-0.02805836139169471,false,true,true,false,0.8692682926829268,false,false,false,true,false,0.4097087378640777,4530.03,4590.03,4500.48,4586.32,0.007457653925317942,0.012425966273954028,0.06420272738030874,0.10685764622123539,true,true,0.008387988627047482,0.02982347503008964,0.05547366952153365,0.08803354323291868,0.10963473983498773,false,false,비주도주,1.5–2.0×,지수 5일 상승,지수 양봉,지수>MA20,당일 음봉,비정배열,MA20 아래,52주 고가 5–20% 아래,-0.020733667639393216,0.008335896462615233,0.048903434855570804,0.09715164195226644,0.0037210401874590016,,
068270,20260605,hogaplay,42770,35854,24076,10,true,2143,1.7764578833693305,셀트리온,KOSPI,false,true,179700.0,179800.0,169900.0,171400.0,603099,-0.02889518413597736,-0.04618809126321647,-0.09789473684210526,-0.11967128916281455,-0.06133625410733845,145049896005.0,0.7754014132874528,251000.0,206500.0,-0.07001166861143526,-0.02392065344224037,0.009334889148191472,-0.0064177362893815815,0.0711785297549592,-0.008089607965152457,0.04107031736154321,0.07654013690105788,0.05973864343497204,0.14250155569383938,-0.06242707117852975,177800.0,158500.0,159400.0,184080.0,189660.0,197955.0,203660.83333333334,0.037339556592765444,-0.07526254375729291,false,false,false,false,0.6828685258964143,false,false,false,false,false,0.20958083832335328,8323.2,8382.16,8038.1,8160.59,-0.055422766137965374,-0.01953695693963867,-0.0030176084170505657,0.10508818399471331,true,true,-0.08285920503296951,-0.052664084337039396,-0.004530309695745083,0.1092849904234865,-0.00885352652197946,false,true,비주도주,1.5–2.0×,지수 5일 하락,지수 음봉,지수>MA20,당일 음봉,비정배열,MA20 아래,52주 고가 20%+ 아래,0.012847536421534245,0.028743430894799027,0.013865198843936555,-0.11570272671286808,0.08003205627693866,,
069620,20260818,hogaplay,5552,8971,2199,10,true,4298,2.5247839927239655,대웅제약,KOSPI,false,true,124000.0,124700.0,117100.0,118500.0,49106,-0.0489566613162119,-0.04435483870967742,-0.084942084942085,0.0016906170752324368,-0.315028901734104,4233775245.0,1.4502422435548152,199400.0,133800.0,-0.0016877637130802148,0.00843881856540074,0.03122362869198314,0.07004219409282708,,0.011111111111111072,0.02136752136752129,0.04444444444444451,0.08376068376068369,,-0.012658227848101222,128900.0,115000.0,118300.0,124260.0,123915.0,123866.66666666667,140194.16666666666,0.08776371308016873,-0.029535864978902926,false,true,false,false,0.594282848545637,false,false,false,false,true,,7127.77,7216.62,6788.78,6869.83,-0.015493111147415917,-0.03618803637042167,0.09050805916509774,0.05425803412074681,true,false,-0.05803054806305252,0.006276720093510324,-0.018499729978762258,-0.0049535432463393425,,,false,유니버스 밖,2.0–3.0×,지수 5일 상승,지수 음봉,지수>MA20,당일 음봉,정배열,MA20 아래,52주 고가 20%+ 아래,0.05634278434997231,0.002162098471890417,0.0497233586707454,0.07499573733916642,,,
071970,20260623,hogaplay,40580,14452,18042,10,true,13395,2.2491963196984814,HD현대마린엔진,KOSPI,false,true,64500.0,66100.0,59800.0,59800.0,277979,-0.08282208588957052,-0.07286821705426356,-0.1694444444444444,-0.2608158220024722,-0.3442982456140351,15537950180.0,1.209710707161963,118200.0,83500.0,0.013377926421404673,-0.0735785953177257,-0.02006688963210701,0.013377926421404673,0.08026755852842804,0.013377926421404673,-0.0735785953177257,-0.02006688963210701,0.013377926421404673,0.08026755852842804,0.0,69600.0,53900.0,55400.0,67300.0,68190.0,80695.0,83790.0,0.16387959866220725,-0.09866220735785958,false,false,false,false,0.505922165820643,false,false,false,false,false,0.07210626185958255,9083.54,9175.45,8203.84,8203.84,-0.09991826255821723,-0.09684550296470326,-0.059904200948823205,0.0453801172571362,false,true,0.032567675625073234,0.025277187268401002,0.03323321761516551,-0.06674069703943519,-0.1714002223349066,false,false,비주도주,2.0–3.0×,지수 5일 하락,지수 음봉,지수<MA20,당일 음봉,비정배열,MA20 아래,52주 고가 20%+ 아래,-0.01918974920366856,-0.0988557825861267,-0.05330010724727252,0.08011862346083987,0.25166778086333463,,
079550,20251107,hogaplay,15225,75759,8504,10,true,22138,1.7903339604891815,LIG디펜스앤에어로스페이스,KOSPI,false,true,451000.0,452000.0,395000.0,401500.0,776332,-0.16528066528066532,-0.10975609756097561,-0.2263969171483622,-0.1635416666666667,0.062169312169312096,95291629225.0,4.3282716256218885,650000.0,537000.0,0.041095890410958846,0.00498132004981322,0.016189290161892966,0.001245330012453305,-0.07222914072229136,0.03337453646477129,-0.0024721878862793423,0.008652657601977642,-0.006180469715698411,-0.0791100123609394,0.007471980074719831,433500.0,390500.0,400500.0,483100.0,474975.0,491958.3333333333,509779.1666666667,0.0797011207970113,-0.0273972602739726,false,true,false,false,0.6176923076923077,false,false,false,false,false,0.22817460317460317,3963.72,4037.61,3887.32,3953.76,-0.018053123719405373,-0.0025127910145014234,-0.03742909312233711,0.0950423752284939,true,true,0.030219335518594903,0.049732406620533354,0.014621524827000076,-0.025418841811339132,0.03700022257294311,false,true,비주도주,1.5–2.0×,지수 5일 하락,지수 음봉,지수>MA20,당일 음봉,비정배열,MA20 아래,52주 고가 20%+ 아래,0.010876554892363943,-0.04475108657072013,0.00156776533489289,0.026664171823792437,-0.10922936329523447,,
079550,20260130,hogaplay,21736,61332,10767,10,true,22819,2.0187610290703075,LIG디펜스앤에어로스페이스,KOSPI,false,true,540000.0,540000.0,478000.0,481500.0,443420,-0.08285714285714285,-0.10833333333333334,-0.08806818181818177,0.09681093394077456,-0.1975,92102941950.0,2.7766610685091746,650000.0,578000.0,-0.05711318795430942,-0.025960539979231534,-0.11318795430944961,-0.044652128764278265,0.584631360332295,-0.049214659685863915,-0.017801047120418856,-0.10575916230366489,-0.03664921465968585,0.5979057591623036,-0.00830737279335414,482500.0,399500.0,427000.0,514900.0,529075.0,443816.6666666667,471725.0,0.0020768431983384517,-0.17030114226375903,false,false,false,false,0.7407692307692307,false,false,true,true,false,0.023006134969325152,5210.35,5321.68,5199.78,5224.36,0.0005956428058413454,0.002688878866102912,0.04695124517291349,0.2122525599645444,true,true,-0.052578689064306405,0.028087650927577812,-0.025882596145747838,0.05410232066702925,0.06881991286971045,false,true,비주도주,2.0–3.0×,지수 5일 상승,지수 양봉,지수>MA20,당일 음봉,비정배열,MA20 아래,52주 고가 20%+ 아래,-0.004534498890003014,-0.054048190906809346,-0.08730535816370177,-0.09875444943130751,0.5158114474625846,,
079550,20260821,hogaplay,11353,44783,5378,10,true,20974,2.111007809594645,LIG디펜스앤에어로스페이스,KOSPI,false,true,770000.0,778000.0,679000.0,695000.0,279762,-0.11689961880559085,-0.09740259740259741,-0.16965352449223414,-0.05570652173913049,0.3654223968565815,113535761150.0,1.9269027477591032,1118000.0,839000.0,0.031654676258992875,0.021582733812949728,0.05611510791366903,,,0.03913043478260869,0.02898550724637672,0.06376811594202891,,,-0.007194244604316502,,,,777600.0,747600.0,765816.6666666666,791341.6666666666,,,,,,false,0.6216457960644007,false,false,false,false,false,0.8358585858585859,6759.95,6954.12,6742.44,6912.95,0.008809820534747548,0.022633303500765537,0.014619848708562921,-0.02591839524073225,true,false,-0.031244258963250116,-0.015151274058108344,-0.017947475390390433,,,true,true,주도주(RS상위20%),2.0–3.0×,지수 5일 상승,지수 양봉,지수>MA20,당일 음봉,비정배열,MA20 아래,52주 고가 20%+ 아래,0.06289893522224299,0.03673400787105807,0.07406258330405946,,,13:14,12:00–14:00
080220,20260716,hogaplay,67889,48515,45073,10,true,48943,1.50620105162736,제주반도체,KOSDAQ,false,true,82100.0,86000.0,80400.0,81900.0,1499510,-0.08080808080808077,-0.00243605359317905,0.054054054054053946,-0.30416312659303313,1.6462035541195474,328513970230.0,0.4327327363335176,138000.0,138000.0,-0.04761904761904767,-0.08424908424908428,-0.1416361416361417,-0.20512820512820518,-0.004884004884004867,0.01298701298701288,-0.025974025974025983,-0.08701298701298699,-0.15454545454545454,0.05844155844155852,-0.05982905982905984,84800.0,49450.0,50100.0,82220.0,95020.0,86416.66666666667,63855.0,0.035409035409035505,-0.39621489621489625,false,false,false,false,0.5934782608695652,false,false,false,true,false,0.9322429906542056,813.32,816.47,786.59,791.84,-0.04532028019242118,-0.02641026902080364,-0.0027204030226699594,-0.20889572697391423,false,false,-0.05329359466558903,-0.0514624166498282,-0.05508688623964442,-0.09102849060416252,0.09195039401899363,true,false,주도주(RS상위20%),1.5–2.0×,지수 5일 하락,지수 음봉,지수<MA20,당일 음봉,비정배열,MA20 아래,52주 고가 20%+ 아래,0.005674547046541356,-0.03278666759925608,-0.08654925539649727,-0.11409971452404266,-0.0968343989029985,09:54,09:00–10:00
082920,20260716,hogaplay,53452,14743,23861,9,true,15509,2.2401408155567664,비츠로셀,KOSDAQ,false,true,29100.0,29450.0,27800.0,28900.0,222797,-0.0068728522336769515,-0.006872852233676976,-0.08108108108108103,-0.33639494833524686,0.4581231079717456,12071908487.5,0.6269488649905971,67800.0,44750.0,-0.08823529411764708,0.01211072664359869,0.0761245674740485,-0.04844290657439443,0.09688581314878886,-0.07705779334500873,0.024518388791593626,0.08931698774080554,-0.03677758318739055,0.11033274956217154,-0.01211072664359858,32800.0,24350.0,24500.0,29160.0,35952.5,47583.333333333336,37911.5,0.13494809688581322,-0.15743944636678198,false,false,false,false,0.42625368731563423,false,false,false,false,false,0.7850467289719626,813.32,816.47,786.59,791.84,-0.04532028019242118,-0.02641026902080364,-0.0027204030226699594,-0.20889572697391423,false,false,-0.05329359466558903,-0.0514624166498282,-0.05508688623964442,-0.09102849060416252,0.09195039401899363,false,false,비주도주,2.0–3.0×,지수 5일 하락,지수 음봉,지수<MA20,당일 음봉,비정배열,MA20 아래,52주 고가 20%+ 아래,-0.03494169945205805,0.06357314329342689,0.13121145371369292,0.04258558402976809,0.004935419129795227,,
083450,20260824,hogaplay,22163,11772,8652,10,true,8651,2.561604253351826,GST,KOSDAQ,false,true,43000.0,46200.0,42900.0,44650.0,153560,0.03837209302325584,0.03837209302325582,-0.09432048681541583,0.11207970112079702,0.38449612403100786,7240445237.5,0.9649835278518339,70800.0,53400.0,0.008958566629339249,0.010078387458006821,-0.01007838745800671,,,0.029714285714285804,0.030857142857142916,0.010285714285714231,,,-0.02015677491601342,,,,45310.0,45312.5,48935.0,44684.166666666664,,,,,,false,0.6306497175141242,false,false,false,false,false,0.8473282442748091,804.27,821.96,804.27,813.33,0.01420305758535556,0.011264873736431869,-0.05935349563407155,0.08701986046884613,true,false,0.016991872917511808,0.029901761892466627,0.025770597420481156,,,true,false,주도주(RS상위20%),2.0–3.0×,지수 5일 하락,지수 양봉,지수>MA20,당일 양봉,비정배열,MA20 아래,52주 고가 20%+ 아래,-0.00803330628817256,-0.019823374434459806,-0.035848984878487866,,,,
083650,20260716,hogaplay,25384,14028,10535,9,true,12762,2.4094921689606075,비에이치아이,KOSDAQ,false,true,44300.0,44300.0,42200.0,42650.0,177257,-0.05432372505543237,-0.03724604966139955,-0.05222222222222217,-0.3438461538461538,-0.3031045751633987,12224757355.0,0.7096726666503852,114200.0,73800.0,-0.05392731535756157,0.00703399765533419,0.05041031652989458,-0.055099648300117265,0.4372801875732708,-0.026537997587454787,0.036188178528347326,0.08082026537997589,-0.027744270205066313,0.47889022919179736,-0.028135990621336426,47450.0,33150.0,34600.0,45380.0,51797.5,71702.5,79707.91666666667,0.11254396248534593,-0.22274325908558035,false,false,false,false,0.37346760070052537,false,false,false,false,false,0.16121495327102803,813.32,816.47,786.59,791.84,-0.04532028019242118,-0.02641026902080364,-0.0027204030226699594,-0.20889572697391423,false,false,-0.05329359466558903,-0.0514624166498282,-0.05508688623964442,-0.09102849060416252,0.09195039401899363,false,true,비주도주,2.0–3.0×,지수 5일 하락,지수 음봉,지수<MA20,당일 음봉,비정배열,MA20 아래,52주 고가 20%+ 아래,-0.0006337206919725391,0.05849641430516239,0.105497202769539,0.03592884230404525,0.3453297935542772,15:06,14:00–15:30
086280,20260709,hogaplay,20400,30737,6422,10,true,21466,3.1765805045157274,현대글로비스,KOSPI,false,true,190500.0,193000.0,182100.0,184300.0,273158,-0.03203781512605042,-0.03254593175853018,-0.059213884635017866,-0.058733401430030696,-0.24312114989733058,51708130680.0,1.0415643101845151,296000.0,227500.0,0.0396093326098752,-0.014107433532284275,0.023331524688008587,0.12316874660879007,0.1258817145957678,0.001568217459487764,-0.050182958703606895,-0.014113957135389432,0.08207004704652388,0.0846837428123366,0.037981551817688475,215000.0,176900.0,181700.0,192900.0,199020.0,218665.0,230332.5,0.166576234400434,-0.040151926207270705,false,false,false,false,0.6226351351351351,false,false,false,false,false,0.17763157894736842,7486.64,7543.86,7063.76,7291.91,0.0062262049817918275,-0.02601033307331466,-0.04657110468103809,-0.060798948988594725,false,false,0.02523755778664305,-0.05966612314194775,-0.06463464304962618,-0.08245987676754096,-0.1416830432630133,false,false,비주도주,≥3.0×,지수 5일 하락,지수 음봉,지수<MA20,당일 음봉,비정배열,MA20 아래,52주 고가 20%+ 아래,0.014371774823232153,0.04555868960966347,0.08796616773763477,0.20562862337633103,0.2675647578587811,14:28,14:00–15:30
086790,20260318,hogaplay,49877,29704,18903,10,true,1442,2.6385758874252763,하나금융지주,KOSPI,false,true,112300.0,115400.0,111700.0,114500.0,647673,0.04185623293903551,0.019590382902938557,0.00970017636684295,-0.11923076923076925,0.2596259625962596,134320707675.0,0.5561565737472076,133700.0,133700.0,-0.011353711790393017,-0.07423580786026196,-0.05065502183406112,-0.014847161572052348,0.05764192139738,0.018901890189019,-0.045904590459045935,-0.02160216021602157,0.015301530153015275,0.09000900090009001,-0.029694323144104806,115400.0,103200.0,106000.0,110840.0,117280.0,106321.66666666667,98330.0,0.007860262008733576,-0.09868995633187772,false,false,false,false,0.856394913986537,true,false,true,true,false,0.38144329896907214,5767.1,5934.35,5766.14,5925.03,0.05044783422687438,0.027384647396438307,0.056164493444682995,0.07293377542206358,true,true,-0.027309566365064764,-0.08764175033712907,-0.04773309164679329,-0.07532957639033055,0.028077494966270322,false,false,비주도주,2.0–3.0×,지수 5일 상승,지수 양봉,지수>MA20,당일 양봉,비정배열,MA20 아래,52주 고가 5–20% 아래,0.015955854574671746,0.013405942476867105,-0.0029219301872678294,0.06048241481827821,0.02956442643110968,,
089030,20260121,hogaplay,181519,77546,47423,10,true,22854,3.827657465786644,테크윙,KOSDAQ,false,true,45100.0,45550.0,38650.0,39150.0,3693805,-0.16256684491978612,-0.1319290465631929,-0.1960985626283368,-0.04628501827040199,0.44731977818853985,37873523515.0,5.6932138979704945,69050.0,55900.0,-0.04980842911877392,-0.016602809706257937,0.127713920817369,0.2324393358876118,0.12515964240102173,-0.07692307692307687,-0.04466501240694787,0.09553349875930528,0.19727047146401988,0.09305210918114137,0.02937420178799499,51300.0,36150.0,37200.0,46490.0,47485.0,50649.166666666664,46872.083333333336,0.31034482758620685,-0.07662835249042144,false,false,false,false,0.5669804489500362,false,false,false,false,false,0.5490909090909091,958.05,962.13,933.31,951.29,-0.02568698341817144,-0.007055999164970504,0.00966906535906098,0.03935450741311297,true,true,0.020035951182079126,0.11891221394106966,0.1915609330488075,0.2082855911446564,0.21097667377981488,false,false,비주도주,≥3.0×,지수 5일 상승,지수 음봉,지수>MA20,당일 음봉,비정배열,MA20 아래,52주 고가 20%+ 아래,-0.06984438030085305,-0.1355150236473276,-0.06384701223143852,0.024153744742955396,-0.08581703137879315,,
089030,20260213,hogaplay,134611,35212,54336,10,true,23070,2.4773814782096584,테크윙,KOSDAQ,false,true,43450.0,43650.0,42000.0,42100.0,842767,-0.04100227790432798,-0.031070195627157654,-0.04209328782707622,-0.14863498483316484,0.5062611806797854,59398384630.0,0.6214727844656397,69050.0,51300.0,0.11520190023752974,0.04631828978622332,0.05700712589073631,0.5748218527315914,0.3895486935866983,0.08429561200923796,0.01732101616628179,0.02771362586605086,0.5311778290993072,0.35103926096997684,0.028503562945368266,66300.0,43100.0,44050.0,44060.0,44010.0,45654.166666666664,49078.75,0.5748218527315914,0.02375296912114022,true,true,true,false,0.6097031136857349,false,false,false,false,false,0.5168539325842697,1113.53,1117.91,1099.62,1106.08,-0.017682217426442604,-0.006690434923172295,0.023418488670114757,0.15869640369163718,true,true,0.049390640821640464,0.04150694343989603,0.05349522638507165,0.00933928829741082,0.033813105742803495,false,false,비주도주,2.0–3.0×,지수 5일 상승,지수 음봉,지수>MA20,당일 음봉,비정배열,MA20 아래,52주 고가 20%+ 아래,0.06581125941588928,0.004811346346327294,0.003511899505664662,0.5654825644341805,0.3557355878438948,,
089030,20260702,hogaplay,93050,55422,61350,10,true,37196,1.5167074164629177,테크윙,KOSDAQ,false,true,55000.0,55400.0,47150.0,47450.0,2171775,-0.1875,-0.13727272727272727,-0.09273422562141487,-0.11638733705772808,-0.09619047619047616,197503277945.0,0.6599067329386599,74000.0,74000.0,-0.017913593256059013,-0.1338250790305585,-0.16859852476290837,0.03688092729188619,-0.12644889357218125,-0.0189473684210526,-0.13473684210526315,-0.16947368421052633,0.03578947368421059,-0.12736842105263158,0.0010537407797681642,54100.0,37700.0,37950.0,52570.0,56850.0,55400.833333333336,52834.583333333336,0.1401475237091676,-0.20547945205479456,false,false,false,false,0.6412162162162162,false,false,false,false,false,0.27078891257995735,904.53,904.53,863.74,866.72,-0.06739118738903538,-0.04180071418305634,-0.02375508273166549,-0.17434006839854055,false,false,0.0019498800073840528,-0.04094748015506744,-0.08390252907513385,-0.08639468340409817,-0.1695587963817612,false,false,비주도주,1.5–2.0×,지수 5일 하락,지수 음봉,지수<MA20,당일 음봉,비정배열,MA20 아래,52주 고가 20%+ 아래,-0.019863473263443066,-0.09287759887549107,-0.08469599568777453,0.12327561069598436,0.043109902809579936,12:24,12:00–14:00
089970,20260713,hogaplay,42548,41948,14327,10,true,31568,2.9697773434773507,브이엠,KOSDAQ,false,true,106000.0,111200.0,95500.0,96400.0,1106260,-0.06769825918762085,-0.09056603773584905,-0.009249743062692661,0.026624068157614422,2.5441176470588234,76912252325.0,1.4472671003609991,122100.0,122100.0,0.18983402489626555,0.12344398340248963,-0.07365145228215764,-0.3475103734439834,-0.24896265560165975,0.16683621566632767,0.10172939979654116,-0.09155645981688709,-0.3601220752797558,-0.26347914547304174,0.01970954356846466,118300.0,60900.0,62900.0,91720.0,97375.0,73278.33333333333,55124.583333333336,0.2271784232365146,-0.3682572614107884,false,false,false,false,0.7895167895167895,true,false,true,true,false,0.9711111111111111,839.72,867.38,797.34,799.36,-0.04546051610283841,-0.04806364026103941,-0.05632356239744063,-0.2269469938009535,false,false,-0.019240392313851107,-0.009407526020816626,-0.057571056845476365,-0.11698108486789427,0.07315852682145718,true,false,주도주(RS상위20%),2.0–3.0×,지수 5일 하락,지수 음봉,지수<MA20,당일 음봉,비정배열,MA20 아래,52주 고가 20%+ 아래,0.20907441721011666,0.13285150942330626,-0.016080395436681272,-0.23052928857608912,-0.32212118242311694,,
089970,20260807,hogaplay,20285,37262,12905,10,true,23421,1.5718713676869431,브이엠,KOSDAQ,false,true,64700.0,67700.0,58400.0,60500.0,691518,-0.05763239875389403,-0.06491499227202473,-0.07633587786259544,-0.30138568129330257,0.942215088282504,66176948705.0,0.8640835676388322,122100.0,118300.0,0.11735537190082646,0.12892561983471085,0.1272727272727272,-0.03305785123966942,,0.0815999999999999,0.0928,0.09119999999999995,-0.06399999999999995,,0.03305785123966931,73800.0,56800.0,58100.0,64760.0,79640.0,79811.66666666667,62577.083333333336,0.21983471074380168,-0.06115702479338847,false,false,false,false,0.4954954954954955,false,false,false,false,false,0.9429347826086957,807.62,814.8,776.6,798.81,-0.0035675527336684887,-0.010908595626656173,0.10982827609203061,0.006057934508816087,true,false,0.06967864698739379,0.07523691491092999,0.082422603622889,0.018177038344537655,,true,false,주도주(RS상위20%),1.5–2.0×,지수 5일 상승,지수 음봉,지수>MA20,당일 음봉,비정배열,MA20 아래,52주 고가 20%+ 아래,0.047676724913432666,0.05368870492378086,0.0448501236498382,-0.05123488958420708,,,
095340,20260701,hogaplay,7632,43383,4657,10,true,19168,1.6388232767876316,ISC,KOSDAQ,false,true,183700.0,190600.0,170000.0,170700.0,1084142,-0.05950413223140494,-0.07076755579749591,-0.10393700787401572,-0.19290780141843966,0.4225000000000001,78024497140.0,3.0175670934545327,292500.0,247500.0,-0.09724663151728175,-0.10544815465729351,-0.195079086115993,-0.07147041593438785,-0.3760984182776801,-0.06944444444444442,-0.0778985507246377,-0.17028985507246375,-0.04287439613526567,-0.3568840579710145,-0.02987697715289983,169400.0,135700.0,137400.0,182660.0,192465.0,219208.33333333334,194518.33333333334,-0.007615700058582253,-0.20503807850029288,false,false,false,false,0.5835897435897436,false,false,false,false,false,0.6602564102564102,924.09,955.45,905.87,929.35,0.014374904494750096,0.005692086268653476,0.022038688676029095,-0.09422726431001038,false,false,-0.06739118738903538,-0.088534997578953,-0.15532361327809763,-0.1075160058105128,-0.30620326034325074,false,true,비주도주,1.5–2.0×,지수 5일 상승,지수 양봉,지수<MA20,당일 음봉,비정배열,MA20 아래,52주 고가 20%+ 아래,-0.029855444128246367,-0.016913157078340513,-0.03975547283789538,0.03604558987612494,-0.06989515793442935,,
096770,20260731,hogaplay,33706,55236,13712,10,true,4018,2.4581388564760793,SK이노베이션,KOSPI,false,true,120400.0,120500.0,104000.0,110500.0,1833201,-0.05231560891938247,-0.08222591362126246,-0.1506533435818601,0.17428267800212538,0.033676333021515514,103642642760.0,2.215457338450684,155400.0,135800.0,-0.022624434389140302,-0.0117647058823529,0.08868778280542977,0.16470588235294126,0.1357466063348416,-0.010082493125572856,0.0009165902841430373,0.10265811182401463,0.17965169569202577,0.15032080659945013,-0.012669683257918507,129800.0,104200.0,108000.0,113200.0,111520.0,112568.33333333333,116859.16666666667,0.17466063348416294,-0.057013574660633504,true,true,false,false,0.711068211068211,false,false,false,false,false,0.6553524804177546,5657.79,6630.77,5629.76,6595.45,0.17911491071875507,0.16572902140234966,-0.014224391760404909,-0.13763436361235293,false,false,-0.05124745089417704,0.0004260512929368243,-0.05104731292027065,0.057993010332880957,0.034049230909187544,false,false,비주도주,2.0–3.0×,지수 5일 하락,지수 양봉,지수<MA20,당일 음봉,비정배열,MA20 아래,52주 고가 20%+ 아래,0.028623016505036736,-0.012190757175289724,0.13973509572570042,0.1067128720200603,0.10169737542565405,13:20,12:00–14:00
096770,20260826,hogaplay,81763,71650,17639,10,true,29384,4.635353478088327,SK이노베이션,KOSPI,false,true,116600.0,116900.0,103700.0,111200.0,4224472,-0.11040000000000005,-0.04631217838765009,-0.1373157486423584,-0.013309671694764824,-0.15049656226126817,106865175330.0,5.752676963225518,155400.0,134500.0,0.007194244604316502,0.12859712230215825,0.18255395683453246,,,0.013574660633484115,0.1357466063348416,0.19004524886877827,,,-0.006294964028776939,,,,123400.0,119640.0,111263.33333333333,117032.5,,,,,,false,0.7155727155727156,false,false,false,false,true,0.43950617283950616,6727.25,6887.18,6704.1,6808.21,0.009709702583816204,0.012034635252146127,0.05208331723629578,0.13024473492859823,true,false,0.015299175554220446,0.0017346703465375146,-0.036057935933233476,,,false,false,비주도주,≥3.0×,지수 5일 상승,지수 양봉,지수>MA20,당일 음봉,정배열,MA20 아래,52주 고가 20%+ 아래,-0.008104930949903943,0.12686245195562074,0.21861189276776594,,,09:47,09:00–10:00
097950,20260811,hogaplay,10994,32405,3798,10,true,9471,2.894681411269089,CJ제일제당,KOSPI,false,true,201000.0,204000.0,187400.0,188000.0,271724,-0.08515815085158152,-0.06467661691542288,-0.03639159405433112,-0.020323084940072955,-0.1772428884026258,11640567095.0,5.456288786278756,254000.0,207000.0,-0.005851063829787284,-0.013829787234042601,-0.04202127659574473,0.006382978723404209,,-0.010063559322033844,-0.018008474576271194,-0.04608050847457623,0.0021186440677967155,,0.004255319148936065,190100.0,179500.0,180100.0,199700.0,191585.0,196353.33333333334,208658.33333333334,0.011170212765957421,-0.04521276595744683,false,false,false,false,0.7401574803149606,false,false,false,false,false,0.35092348284960423,6240.06,6405.81,6213.78,6345.53,0.007281345342446954,0.016902081069733198,-0.002110411310043303,-0.06778386144708415,false,false,0.03679913261776413,0.09966228195280769,0.019799764558673605,0.07291431921368274,,false,false,비주도주,2.0–3.0×,지수 5일 하락,지수 양봉,지수<MA20,당일 음봉,비정배열,MA20 아래,52주 고가 20%+ 아래,-0.042650196447551414,-0.11349206918685029,-0.06182104115441833,-0.06653134049027853,,10:08,10:00–12:00
100090,20260901,hogaplay,110089,36005,44987,10,true,10554,2.4471291706492986,SK오션플랜트,KOSPI,false,true,13350.0,13450.0,12190.0,12450.0,2522743,-0.09782608695652173,-0.06741573033707865,-0.06950672645739908,-0.015810276679841917,-0.3021300448430493,12674504922.0,2.9994911165355025,31600.0,15100.0,-0.03614457831325302,,,,,-0.02359641985353944,,,,,-0.012851405622489986,,,,13488.0,13642.0,14499.833333333334,18376.5,,,,,,false,0.3939873417721519,false,false,false,false,false,0.18472906403940886,6784.29,6857.35,6732.47,6835.8,0.00231377620593487,0.007592541002816834,0.013801510958453056,0.09242582841253233,true,false,-0.03994850639281433,,,,,false,false,비주도주,2.0–3.0×,지수 5일 상승,지수 양봉,지수>MA20,당일 음봉,비정배열,MA20 아래,52주 고가 20%+ 아래,0.003803928079561314,,,,,11:16,10:00–12:00
100130,20260818,hogaplay,24977,2527,15940,10,true,2695,1.5669385194479297,동국S&C,KOSDAQ,false,true,1517.0,1519.0,1440.0,1452.0,124034,-0.04284772577455509,-0.04284772577455504,-0.06683804627249357,-0.025503355704697972,-0.30024096385542165,231799975.9,0.7984609377992402,2795.0,1595.0,-0.022727272727272707,-0.10192837465564741,-0.0668044077134986,-0.03994490358126723,,-0.02808219178082194,-0.10684931506849316,-0.07191780821917804,-0.045205479452054775,,0.005509641873278293,1703.0,1278.0,1304.0,1533.2,1500.1,1583.6333333333334,1922.3,0.1728650137741048,-0.1198347107438017,false,false,true,false,0.5194991055456172,false,false,false,false,false,,866.59,872.59,827.97,834.2,-0.03521656161452602,-0.03737638329544535,-0.023722307395227404,0.1128008110559735,true,false,-0.01167585710860708,-0.03867178134739868,-0.008451210740829662,-0.015523855190601843,,,false,유니버스 밖,1.5–2.0×,지수 5일 하락,지수 음봉,지수>MA20,당일 음봉,비정배열,MA20 아래,52주 고가 20%+ 아래,-0.011051415618665628,-0.06325659330824873,-0.05835319697266894,-0.02442104839066539,,,
105560,20251010,hogaplay,64694,50561,41329,9,true,22286,1.5653415277408116,KB금융,KOSPI,false,true,113500.0,115000.0,111500.0,112800.0,1938571,-0.03424657534246578,-0.006167400881057269,0.0008873114463177068,0.03867403314917128,0.4861660079051384,112877773360.0,2.1453356621850324,126600.0,121500.0,-0.010638297872340385,0.025709219858156107,0.010638297872340496,0.00886524822695045,0.09663120567375882,-0.010638297872340385,0.025709219858156107,0.010638297872340496,0.00886524822695045,0.09663120567375882,0.0,120600.0,109200.0,110900.0,115420.0,115620.0,113221.66666666667,106365.83333333333,0.06914893617021267,-0.03191489361702127,false,false,false,false,0.8909952606635071,false,false,false,true,false,0.4865424430641822,3598.11,3617.86,3569.44,3610.6,0.017296806895055417,0.0034712668595456454,0.06631620915225689,0.12651008386581464,true,true,-0.007214867335068931,0.012928599124799378,0.0383011133883564,0.09167174430842517,0.0950423752284939,false,false,비주도주,1.5–2.0×,지수 5일 상승,지수 양봉,지수>MA20,당일 음봉,비정배열,MA20 아래,52주 고가 5–20% 아래,-0.0034234305372714546,0.012780620733356729,-0.027662815516015904,-0.08280649608147472,0.0015888304452649216,,
105560,20260102,hogaplay,40197,31964,24962,9,true,22767,1.6103276981011136,KB금융,KOSPI,false,true,123600.0,124700.0,122800.0,123300.0,648227,-0.01122694466720131,-0.0024271844660194173,-0.021428571428571463,-0.06590909090909092,0.0777972027972027,93253649315.0,0.8376873297508894,140000.0,134300.0,0.02838605028386043,0.011354420113544261,0.02676399026763998,0.06163828061638288,0.09651257096512578,0.02093397745571668,0.004025764895330131,0.019323671497584627,0.05394524959742353,0.08856682769726243,0.007299270072992803,133200.0,122300.0,123500.0,124860.0,125970.0,122461.66666666667,117935.83333333333,0.08029197080291972,-0.008110300081103028,false,true,false,false,0.8807142857142857,false,false,true,true,false,0.2854251012145749,4224.53,4313.55,4216.68,4309.63,0.02265214739794552,0.020144252733440258,0.046707567058183574,0.07877484711872307,true,true,0.03431617099379758,0.05602105053102013,0.06420272738030874,0.12323795778291857,0.2122525599645444,false,false,비주도주,1.5–2.0×,지수 5일 상승,지수 양봉,지수>MA20,당일 음봉,비정배열,MA20 아래,52주 고가 5–20% 아래,-0.005930120709937148,-0.04466663041747587,-0.03743873711266876,-0.061599677166535693,-0.11573998899941862,,
108320,20260902,hogaplay,9714,6915,6047,10,true,5124,1.6064164048288407,LX세미콘,KOSPI,false,true,37800.0,37800.0,36300.0,36450.0,84118,-0.044560943643512485,-0.03571428571428571,-0.02929427430093212,0.044412607449856756,-0.29633204633204635,3310086410.0,0.984984253577415,67300.0,42600.0,,,,,,,,,,,,,,,37240.0,37797.5,39726.666666666664,47285.0,,,,,,false,0.5416047548291233,false,false,false,false,false,,6625.47,6694.57,6558.3,6562.72,-0.03994850639281433,-0.009471026206442712,-0.036057935933233476,0.032044598557938064,false,false,0.015164444011019684,,,,,,false,유니버스 밖,1.5–2.0×,지수 5일 하락,지수 음봉,지수<MA20,당일 음봉,비정배열,MA20 아래,52주 고가 20%+ 아래,,,,,,,
108490,20260213,hogaplay,29230,33899,19355,10,true,24238,1.510204081632653,로보티즈,KOSDAQ,false,true,278000.0,281000.0,270000.0,271500.0,200644,-0.04569420035149385,-0.023381294964028777,-0.005494505494505475,0.05436893203883497,2.4592021642147897,172666936800.0,0.3301302692028362,364000.0,364000.0,0.046040515653775316,0.0036832412523020164,0.06077348066298338,-0.13443830570902393,-0.016574585635359074,0.030852994555353952,-0.010889292196007205,0.04537205081669682,-0.147005444646098,-0.030852994555353952,0.014732965009208066,299000.0,201000.0,207500.0,278200.0,286175.0,266305.0,212061.18843537418,0.10128913443830578,-0.2596685082872928,false,false,false,false,0.7458791208791209,false,false,true,true,false,0.9452247191011236,1113.53,1117.91,1099.62,1106.08,-0.017682217426442604,-0.006690434923172295,0.023418488670114757,0.15869640369163718,true,true,0.049390640821640464,0.04150694343989603,0.05349522638507165,0.00933928829741082,0.033813105742803495,true,true,주도주(RS상위20%),1.5–2.0×,지수 5일 상승,지수 음봉,지수>MA20,당일 음봉,비정배열,MA20 아래,52주 고가 20%+ 아래,-0.003350125167865148,-0.03782370218759401,0.007278254277911733,-0.14377759400643475,-0.05038769137816257,,
108490,20260413,hogaplay,27211,26927,16961,10,true,1978,1.6043275750250574,로보티즈,KOSDAQ,false,true,239000.0,240500.0,235000.0,236500.0,123284,-0.03665987780040736,-0.010460251046025104,-0.020703933747411973,-0.050200803212851364,0.20417515274949083,46903655075.0,0.6638227530143107,364000.0,284000.0,0.04651162790697683,0.14799154334038045,0.20930232558139528,0.4714587737843552,0.5031712473572938,0.010204081632652962,0.10816326530612241,0.1673469387755102,0.42040816326530606,0.4510204081632654,0.03594080338266381,361500.0,239500.0,247500.0,244000.0,250450.0,265875.0,253068.33333333334,0.5285412262156448,0.012684989429175397,true,true,true,false,0.6497252747252747,false,false,false,false,false,0.30491803278688523,1076.85,1101.11,1074.84,1099.84,0.005678337280432988,0.02134930584575383,0.05009690940164413,-0.03377873828286293,false,true,0.020039278440500574,0.05739925807390178,0.06820082921152171,0.11487125400058207,0.07009201338376503,false,true,비주도주,1.5–2.0×,지수 5일 상승,지수 양봉,지수<MA20,당일 음봉,비정배열,MA20 아래,52주 고가 20%+ 아래,0.026472349466476253,0.09059228526647867,0.14110149636987357,0.3565875197837731,0.43307923397352877,15:15,14:00–15:30
112610,20260414,hogaplay,74012,46121,31283,10,true,2360,2.365885624780232,씨에스윈드,KOSPI,false,true,65600.0,65700.0,60000.0,62700.0,1237031,-0.04855842185128978,-0.04420731707317073,-0.042748091603053484,0.0791738382099827,0.42500000000000004,56088281520.0,1.468476563190928,79400.0,79400.0,0.020733652312599604,0.03668261562998398,0.01754385964912286,0.1594896331738438,-0.11802232854864436,0.03392568659127626,0.050080775444264924,0.030694668820678617,0.17447495961227788,-0.10662358642972536,-0.012759170653907526,75500.0,61800.0,63300.0,65660.0,64785.0,52215.833333333336,47545.416666666664,0.20414673046251997,-0.014354066985645897,true,true,false,false,0.7896725440806045,false,false,true,true,true,0.48058252427184467,5960.0,6026.52,5938.33,5967.75,0.027395491528108273,0.0013003355704697987,0.08607623963106814,0.05802165773125689,true,true,0.020718026056721683,0.037563570860039475,0.07049893175820032,0.11281806375937342,0.33742365213019987,false,true,비주도주,2.0–3.0×,지수 5일 상승,지수 양봉,지수>MA20,당일 음봉,정배열,MA20 아래,52주 고가 20%+ 아래,0.00001562625587792077,-0.0008809552300554913,-0.05295507210907746,0.04667156941447037,-0.45544598067884423,,
126640,20260715,hogaplay,376204,8685,83533,10,true,10097,4.503657237259526,화신정공,KOSDAQ,false,true,3935.0,4095.0,3895.0,4015.0,988844,0.02292993630573248,0.020330368487928845,0.11527777777777781,-0.43130311614730876,1.8740157480314958,21464381630.75,0.18224633307315977,7880.0,7880.0,0.07098381070983817,-0.11955168119551685,0.021170610211706187,-0.07098381070983806,0.033623910336239016,0.11111111111111116,-0.08656330749354002,0.05943152454780365,-0.036175710594315236,0.07235142118863047,-0.03611457036114574,4400.0,3315.0,3535.0,3888.0,4239.75,3006.4,2246.7916666666665,0.09589041095890405,-0.17434620174346205,false,false,false,false,0.5095177664974619,true,false,true,true,false,0.9379310344827586,805.71,831.68,805.59,829.43,0.05797341768922659,0.029439872907125283,0.05659872611464967,-0.19625760688398786,false,false,-0.04532028019242118,-0.09173769938391418,-0.04720108990511551,-0.2226227650314071,0.038508373220163206,true,false,주도주(RS상위20%),≥3.0×,지수 5일 상승,지수 양봉,지수<MA20,당일 양봉,비정배열,MA20 아래,52주 고가 20%+ 아래,0.11630409090225935,-0.02781398181160266,0.0683717001168217,0.15163895432156904,-0.00488446288392419,15:08,14:00–15:30
128940,20260113,hogaplay,21606,69728,12081,10,true,14540,1.7884281102557735,한미약품,KOSPI,false,true,485000.0,485000.0,423500.0,431000.0,475804,-0.10488058151609558,-0.11134020618556702,-0.08102345415778256,-0.04222222222222227,0.517605633802817,49779557050.0,4.847090751282563,497000.0,497000.0,-0.015081206496519672,0.012761020881670637,0.03248259860788871,0.10208816705336421,0.37122969837587005,-0.035227272727272774,-0.007954545454545436,0.011363636363636465,0.07954545454545459,0.34318181818181825,0.02088167053364276,488500.0,407000.0,415000.0,463300.0,449600.0,435050.0,372216.6666666667,0.13341067285382824,-0.05568445475638051,false,false,false,false,0.8672032193158954,false,false,false,true,true,0.6381322957198443,4662.44,4693.07,4641.58,4692.64,0.014670936410085655,0.0064772951501790325,0.0369375182301106,0.14158934661924483,true,true,0.006491015718231186,0.0315600600088648,0.041151675815745525,0.08357981860956731,0.1297883494152543,false,false,비주도주,1.5–2.0×,지수 5일 상승,지수 양봉,지수>MA20,당일 음봉,정배열,MA20 아래,52주 고가 5–20% 아래,-0.021572222214750858,-0.01879903912719416,-0.008669077207856812,0.018508348443796896,0.24144134896061575,12:56,12:00–14:00
128940,20260421,hogaplay,19385,28906,8870,10,true,13263,2.185456595264938,한미약품,KOSPI,false,true,529000.0,529000.0,501000.0,504000.0,123143,-0.047258979206049156,-0.04725897920604915,0.0059880239520957446,-0.013698630136986356,0.48672566371681425,41667516225.0,1.5886498289024276,647000.0,571000.0,-0.018849206349206393,-0.012896825396825351,-0.024801587301587324,-0.14583333333333337,-0.1339285714285714,-0.02079207920792081,-0.014851485148514865,-0.026732673267326756,-0.14752475247524754,-0.13564356435643565,0.001984126984126977,507000.0,429000.0,430500.0,521200.0,517475.0,529025.0,486425.0,0.005952380952380931,-0.14880952380952384,false,false,false,false,0.7789799072642968,false,false,false,true,false,0.5370650529500757,6302.54,6388.47,6302.54,6388.47,0.02723549586836671,0.013634185582320825,0.07049893175820032,0.15026323749711912,true,true,0.004611432784375591,0.01364332931046075,0.039532157151868974,0.17243252296715794,0.22338995095852376,false,false,비주도주,2.0–3.0×,지수 5일 상승,지수 양봉,지수>MA20,당일 음봉,비정배열,MA20 아래,52주 고가 20%+ 아래,-0.023460639133581984,-0.0265401547072861,-0.0643337444534563,-0.3182658563004913,-0.35731852238709516,14:03,14:00–15:30
128940,20260629,hogaplay,11155,22200,5927,10,true,12695,1.8820651256959675,한미약품,KOSPI,false,true,370000.0,429500.0,370000.0,428000.0,154148,0.1693989071038251,0.15675675675675677,0.060718711276332105,-0.1283095723014257,-0.0509977827050998,89179517625.0,0.8026930009625672,647000.0,578000.0,-0.07126168224299068,0.01869158878504673,-0.011682242990654235,-0.10864485981308414,-0.125,-0.06139315230224318,0.029515938606847758,-0.0011806375442738881,-0.09917355371900827,-0.11570247933884292,-0.010514018691588745,470000.0,378000.0,381500.0,393600.0,430350.0,463166.6666666667,488304.1666666667,0.0981308411214954,-0.11682242990654201,true,true,false,false,0.6615146831530139,true,false,false,false,false,0.29227557411273486,8334.28,8525.53,8127.99,8394.65,-0.0019688011594051202,0.007243577129637951,-0.07898360314003428,-0.009615214454675725,false,true,0.009747875134758388,-0.0889328322205214,-0.04089747636887775,-0.1891347465349954,-0.28244060205011523,false,false,비주도주,1.5–2.0×,지수 5일 하락,지수 양봉,지수<MA20,당일 양봉,비정배열,MA20 아래,52주 고가 20%+ 아래,-0.08100955737774906,0.10762442100556813,0.029215233378223515,0.08048988672191126,0.15744060205011523,09:25,09:00–10:00
130660,20260720,hogaplay,21233,3764,14121,10,true,3929,1.5036470504921748,한전산업,KOSPI,false,true,10680.0,10680.0,10220.0,10260.0,107498,-0.04112149532710285,-0.03932584269662921,-0.10236220472440949,-0.18116520351157228,-0.2027972027972028,1695439531.5,0.6793366896349935,27800.0,13150.0,0.011695906432748648,0.09844054580896677,0.08187134502923987,0.014619883040935644,0.09941520467836251,0.03489531405782653,0.12362911266201393,0.10667996011964109,0.03788634097706889,0.12462612163509479,-0.022417153996101336,11590.0,8810.0,9200.0,10642.0,11342.5,14537.333333333334,16809.5,0.12962962962962954,-0.1413255360623782,false,false,false,false,0.36906474820143886,false,false,false,false,false,,6643.58,6814.86,6472.8,6516.27,-0.044619241708940605,-0.01916286098759998,-0.12836780391495906,-0.28016265263874185,false,false,0.035554082320100155,0.08910312187800695,0.036751086127493116,-0.03971904172172125,0.05425803412074681,,false,유니버스 밖,1.5–2.0×,지수 5일 하락,지수 음봉,지수<MA20,당일 음봉,비정배열,MA20 아래,52주 고가 20%+ 아래,-0.023858175887351507,0.00933742393095982,0.04512025890174676,0.05433892476265689,0.0451571705576157,,
131290,20260807,hogaplay,6479,20199,4016,10,true,1894,1.613296812749004,티에스이,KOSDAQ,false,true,211500.0,219000.0,202000.0,207000.0,74649,0.0,-0.02127659574468085,0.10932475884244375,-0.0758928571428571,1.3076923076923075,31462963060.0,0.529969032071188,294000.0,294000.0,0.09661835748792269,0.20772946859903385,0.2560386473429952,0.18599033816425115,,0.09927360774818395,0.21065375302663436,0.2590799031476998,0.18886198547215494,,-0.0024154589371980784,288500.0,203000.0,222000.0,200220.0,221485.0,225915.0,174795.0,0.393719806763285,-0.019323671497584516,true,true,false,false,0.7040816326530612,true,false,false,true,false,0.9619565217391305,807.62,814.8,776.6,798.81,-0.0035675527336684887,-0.010908595626656173,0.10982827609203061,0.006057934508816087,true,false,0.06967864698739379,0.07523691491092999,0.082422603622889,0.018177038344537655,,true,false,주도주(RS상위20%),1.5–2.0×,지수 5일 상승,지수 음봉,지수>MA20,당일 음봉,비정배열,MA20 아래,52주 고가 20%+ 아래,0.0269397105005289,0.13249255368810386,0.1736160437201062,0.1678132998197135,,,
141080,20260721,hogaplay,20424,38398,11693,10,true,24264,1.7466860514837936,리가켐바이오,KOSDAQ,false,true,96400.0,98000.0,90100.0,93600.0,646485,-0.03604531410916578,-0.029045643153526972,-0.17387466902030013,-0.30097087378640774,-0.36109215017064844,71495654195.0,1.24782470059233,225000.0,173800.0,0.0032051282051281937,0.026709401709401615,-0.03205128205128205,0.1741452991452992,0.11538461538461542,-0.01572327044025157,0.007337526205450695,-0.05031446540880502,0.15199161425576513,0.09433962264150941,0.019230769230769162,111400.0,76900.0,77900.0,101940.0,128730.0,151036.66666666666,169923.33333333334,0.19017094017094016,-0.17841880341880345,false,false,false,false,0.416,false,false,false,false,false,0.14009661835748793,750.07,758.36,730.81,753.34,0.004935702470519221,0.004359593104643542,-0.057571056845476365,-0.22207765386204048,false,false,-0.0029866992327501896,-0.0067964000318581075,-0.06303926513924651,0.03634481110786636,0.0944062441925293,false,false,비주도주,1.5–2.0×,지수 5일 하락,지수 양봉,지수<MA20,당일 음봉,비정배열,MA20 아래,52주 고가 20%+ 아래,0.006191827437878383,0.03350580174125972,0.030987983087964466,0.13780048803743283,0.02097837119208612,,
180640,20260128,hogaplay,8429,13798,4422,10,true,7533,1.9061510628674807,한진칼,KOSPI,false,true,119500.0,120100.0,116400.0,116600.0,108463,-0.02099076406381195,-0.024267782426778243,-0.08549019607843134,-0.03556658395368073,0.06776556776556775,11394581520.0,1.1796957848196952,165000.0,137300.0,-0.009433962264150941,-0.05145797598627788,0.0171526586620927,0.07289879931389365,0.17066895368782165,-0.0060240963855421326,-0.048192771084337394,0.0206540447504302,0.076592082616179,0.17469879518072284,-0.0034305317324184736,128900.0,107500.0,110400.0,123740.0,122040.0,112490.0,110413.33333333333,0.10548885077186965,-0.07804459691252141,false,false,false,false,0.7066666666666667,false,false,true,true,true,0.22741935483870968,5145.39,5183.44,5124.8,5170.81,0.016905120111704308,0.00494034465803371,0.053133140391003586,0.225147847678981,true,true,0.009754757958617688,-0.04276699395259165,0.03873474368619223,0.035522481003943174,0.12011657748012383,false,false,비주도주,1.5–2.0×,지수 5일 상승,지수 양봉,지수>MA20,당일 음봉,정배열,MA20 아래,52주 고가 20%+ 아래,-0.01918872022276863,-0.008690982033686234,-0.02158208502409953,0.037376318309950474,0.05055237620769781,,
180640,20260624,hogaplay,8368,9332,5224,10,true,10037,1.6018376722817764,한진칼,KOSPI,false,true,112500.0,116200.0,109200.0,114000.0,109436,0.04014598540145986,0.013333333333333334,-0.07014681892332786,-0.018932874354561147,-0.06633906633906639,30469836670.0,0.40471766268486215,175900.0,134500.0,0.06052631578947376,0.027192982456140324,0.0982456140350878,0.19385964912280707,-0.0798245614035088,0.042241379310344884,0.00948275862068959,0.07931034482758625,0.1732758620689656,-0.09568965517241379,0.01754385964912286,143700.0,110400.0,115200.0,116200.0,116230.0,114558.33333333333,120099.16666666667,0.2605263157894737,-0.03157894736842104,true,true,true,false,0.6480955088118249,false,false,false,false,false,0.2928709055876686,8356.79,8577.52,8080.99,8471.02,0.032567675625073234,0.013669124149344371,-0.044360261003763335,0.05262621605937734,true,true,0.0542177919542155,-0.00901544324060155,-0.019786283115846848,-0.1445197862831159,-0.16221541207552337,false,false,비주도주,1.5–2.0×,지수 5일 하락,지수 양봉,지수>MA20,당일 양봉,비정배열,MA20 아래,52주 고가 20%+ 아래,0.006308523835258262,0.036208425696741875,0.11803189715093465,0.33837943540592297,0.08239085067201457,14:22,14:00–15:30
196170,20260506,hogaplay,48653,35089,29514,10,true,26043,1.6484719116351563,알테오젠,KOSDAQ,false,true,373000.0,373000.0,361000.0,363500.0,281703,-0.025469168900804307,-0.02546916890080429,-0.04089709762532978,0.004143646408839796,-0.3354661791590493,99931026525.0,1.0486209497121441,569000.0,389500.0,-0.019257221458046758,-0.10591471801925723,-0.02613480055020634,-0.011004126547455306,-0.0852819807427786,-0.01109570041608876,-0.09847434119278775,-0.018030513176144236,-0.00277392510402219,-0.07766990291262132,-0.008253094910591452,405000.0,321500.0,325000.0,372300.0,367100.0,370858.3333333333,422695.8333333333,0.11416781292984868,-0.11554332874828066,false,false,true,false,0.6388400702987698,false,false,false,false,false,0.010610079575596816,1220.9,1220.9,1197.01,1210.17,-0.002941321864649682,-0.008788598574821867,-0.013056810582459333,0.15543695160258575,true,true,-0.00908136873331844,-0.002338514423593452,-0.02746721534990948,-0.12733748151086222,-0.17165356933323417,false,true,비주도주,1.5–2.0×,지수 5일 하락,지수 음봉,지수>MA20,당일 음봉,비정배열,MA20 아래,52주 고가 20%+ 아래,-0.010175852724728318,-0.10357620359566377,0.001332414799703141,0.11633335496340691,0.08637158859045557,15:17,14:00–15:30
196170,20260622,hogaplay,36370,32299,22051,10,true,29970,1.6493583057457712,알테오젠,KOSDAQ,false,true,349500.0,352500.0,338000.0,350500.0,271277,-0.008486562942008447,0.002861230329041488,0.004297994269341077,-0.002844950213371278,-0.2176339285714286,189626159400.0,0.4972153670353453,569000.0,394500.0,-0.049928673323823114,0.06990014265335232,0.06419400855920121,-0.05563480741797433,-0.2211126961483595,-0.047210300429184504,0.07296137339055786,0.06723891273247506,-0.05293276108726752,-0.2188841201716738,-0.0028530670470755526,397500.0,325000.0,331000.0,359800.0,351000.0,358750.0,384137.5,0.13409415121255353,-0.07275320970042798,false,false,true,false,0.6159929701230229,false,false,false,false,false,0.12172284644194757,957.49,979.58,944.31,968.4,0.0018725623066655483,0.011394374875977784,-0.06347011208572284,-0.12438854580142322,false,false,-0.07938868236266006,-0.08321974390747633,-0.04939074762494833,-0.12528913672036346,-0.22207765386204048,false,true,비주도주,1.5–2.0×,지수 5일 하락,지수 양봉,지수<MA20,당일 양봉,비정배열,MA20 아래,52주 고가 20%+ 아래,0.029460009038836943,0.15311988656082864,0.11358475618414954,0.06965432930238913,0.0009649577136809917,09:19,09:00–10:00
196170,20260715,hogaplay,39392,50862,22970,10,true,31831,1.7149325206791468,알테오젠,KOSDAQ,false,true,289500.0,295500.0,272000.0,288500.0,694206,0.03220035778175312,-0.0034542314335060447,-0.0797448165869219,-0.22654155495978556,-0.443050193050193,182693268525.0,1.279068642665083,569000.0,397500.0,-0.04159445407279028,-0.05372616984402079,0.06239168110918536,-0.03119584055459268,0.10051993067590992,-0.008960573476702538,-0.021505376344086002,0.09856630824372759,0.0017921146953405742,0.13799283154121866,-0.032928942807625705,322000.0,257500.0,268000.0,301700.0,338600.0,350975.0,365616.6666666667,0.11611785095320615,-0.10745233968804158,false,false,false,false,0.5070298769771528,false,false,false,false,false,0.04827586206896552,805.71,831.68,805.59,829.43,0.05797341768922659,0.029439872907125283,0.05659872611464967,-0.19625760688398786,false,false,-0.04532028019242118,-0.09173769938391418,-0.04720108990511551,-0.2226227650314071,0.038508373220163206,false,true,비주도주,1.5–2.0×,지수 5일 상승,지수 양봉,지수<MA20,당일 음봉,비정배열,MA20 아래,52주 고가 20%+ 아래,0.003725826119630904,0.038011529539893396,0.10959277101430087,0.19142692447681442,0.06201155745574671,12:02,12:00–14:00
196170,20260831,hogaplay,36736,51971,23488,10,true,36848,1.564032697547684,알테오젠,KOSDAQ,false,true,311000.0,311000.0,293000.0,307500.0,656406,-0.0390625,-0.011254019292604502,-0.040561622464898583,-0.0032414910858995505,-0.17560321715817695,182106133650.0,1.175576388036954,569000.0,356000.0,-0.021138211382113803,,,,,-0.008237232289950547,,,,,-0.013008130081300862,,,,311200.0,315100.0,321150.0,341654.1666666667,,,,,,false,0.5404217926186292,false,false,false,false,false,0.3787128712871287,821.67,835.5,805.14,834.29,-0.004914063525005674,0.01535896406099773,0.025770597420481156,0.15912248527286876,true,false,-0.01563005669491424,-0.039075141737285435,,,,false,true,비주도주,1.5–2.0×,지수 5일 상승,지수 양봉,지수>MA20,당일 음봉,비정배열,MA20 아래,52주 고가 20%+ 아래,-0.005508154687199562,,,,,09:20,09:00–10:00
199430,20260825,hogaplay,58144,23200,11142,10,true,3016,5.218452701489858,케이엔알시스템,KOSDAQ,false,true,15690.0,16170.0,14100.0,14420.0,893719,0.15916398713826374,-0.08094327597195666,-0.013679890560875485,0.010511562718990897,-0.567616191904048,5910642762.0,2.4908257788437878,45300.0,18500.0,0.05339805825242716,0.004160887656033285,0.24133148404993054,,,-0.020000000000000018,-0.06580645161290322,0.1548387096774193,,,0.07489597780859913,,,,13506.0,14683.5,13466.0,18469.833333333332,,,,,,false,0.3183222958057395,true,false,true,false,false,0.04292929292929293,806.93,827.15,781.89,827.15,0.016991872917511808,0.025057935632582788,-0.008451210740829662,0.08143974060612402,true,false,-0.00033851175723864646,0.013613008523242431,-0.007132926313244248,,,false,false,비주도주,≥3.0×,지수 5일 하락,지수 양봉,지수>MA20,당일 음봉,비정배열,MA20 아래,52주 고가 20%+ 아래,0.05373657000966581,-0.009452120867209146,0.2484644103631748,,,09:08,09:00–10:00
204270,20260807,hogaplay,30339,11406,14445,10,true,6840,2.100311526479751,제이앤티씨,KOSDAQ,false,true,15650.0,15830.0,14090.0,14550.0,349555,-0.07028753993610226,-0.07028753993610223,0.09811320754716979,-0.06491002570694082,-0.39501039501039503,4855121244.5,1.0450031001365017,30100.0,18450.0,0.059106529209622005,0.2969072164948454,0.2804123711340205,0.27628865979381434,,0.05983493810178819,0.29779917469050887,0.28129298486932597,0.27716643741403035,,-0.0006872852233676952,19820.0,14540.0,15350.0,15014.0,14556.5,17305.333333333332,18173.333333333332,0.3621993127147767,-0.0006872852233676952,true,true,true,false,0.4833887043189369,false,false,false,false,false,,807.62,814.8,776.6,798.81,-0.0035675527336684887,-0.010908595626656173,0.10982827609203061,0.006057934508816087,true,false,0.06967864698739379,0.07523691491092999,0.082422603622889,0.018177038344537655,,,false,유니버스 밖,2.0–3.0×,지수 5일 상승,지수 음봉,지수>MA20,당일 음봉,비정배열,MA20 아래,52주 고가 20%+ 아래,-0.010572117777771783,0.22167030158391543,0.1979897675111315,0.2581116214492767,,10:27,10:00–12:00
207940,20260122,hogaplay,8986,55394,2929,10,true,21427,3.0679412768863092,삼성바이오로직스,KOSPI,false,true,1874000.0,1888000.0,1778000.0,1778000.0,182684,-0.0507207688200747,-0.051227321237993596,-0.09516539440203564,0.03132250580046403,0.13329375650481512,114562646750.0,3.293790561841511,1987000.0,1987000.0,0.013498312710911176,0.006749156355455588,-0.0011248593925758943,-0.04386951631046121,-0.03093363329583798,0.004459308807134965,-0.0022296544035674826,-0.010033444816053505,-0.05239687848383501,-0.03957636566332223,0.008998875140607376,1819000.0,1700000.0,1700000.0,1887800.0,1812450.0,1763802.6846384255,1652407.997347026,0.02305961754780661,-0.04386951631046121,false,false,false,false,0.894816305988928,false,false,true,true,true,0.32562277580071175,4987.06,5019.54,4934.17,4952.53,0.008676294774059734,-0.0069239191026377565,0.03230398849412719,0.2061895843329038,true,true,0.007579964179924126,0.026717657439732978,0.05425913623945755,0.04261256367957378,0.20537179986794651,false,false,비주도주,≥3.0×,지수 5일 상승,지수 음봉,지수>MA20,당일 음봉,정배열,MA20 아래,52주 고가 5–20% 아래,0.00591834853098705,-0.01996850108427739,-0.055383995632033445,-0.08648207999003499,-0.2363054331637845,,
207940,20260414,hogaplay,4478,23364,2319,10,true,1231,1.9310047434238895,삼성바이오로직스,KOSPI,false,true,1553000.0,1563000.0,1530000.0,1536000.0,67443,-0.00903225806451613,-0.010946555054732776,-0.031525851197982346,-0.032136105860113395,-0.06565775178631694,64128811950.0,1.7276641963670458,1987000.0,1660000.0,0.04296875,0.04231770833333326,0.03385416666666674,-0.02083333333333337,-0.056640625,0.030225080385852143,0.029581993569131937,0.021221864951768588,-0.03279742765273308,-0.06816720257234732,0.01236979166666674,1625000.0,1504000.0,1504000.0,1567000.0,1568950.0,1674700.0,1710069.6991869917,0.05794270833333326,-0.02083333333333337,false,false,false,false,0.7730246602918973,false,false,false,false,false,0.0825242718446602,5960.0,6026.52,5938.33,5967.75,0.027395491528108273,0.0013003355704697987,0.08607623963106814,0.05802165773125689,true,true,0.020718026056721683,0.037563570860039475,0.07049893175820032,0.11281806375937342,0.33742365213019987,false,false,비주도주,1.5–2.0×,지수 5일 상승,지수 양봉,지수>MA20,당일 음봉,비정배열,MA20 아래,52주 고가 20%+ 아래,0.022250723943278317,0.004754137473293785,-0.03664476509153358,-0.1336513970927068,-0.39406427713019987,,
222080,20260407,hogaplay,101642,38306,56046,10,true,1755,1.813546015772758,씨아이에스,KOSDAQ,false,true,11900.0,12920.0,11590.0,11740.0,3876391,0.0,-0.013445378151260505,0.012068965517241459,-0.19368131868131866,0.8372456964006261,26043081285.0,1.8101681449032598,15770.0,15650.0,0.07240204429301533,0.01959114139693363,0.026405451448040962,0.389267461669506,0.3884156729131176,0.013687600644122444,-0.036231884057971064,-0.029790660225442855,0.31320450885668283,0.3123993558776168,0.05792163543441231,16310.0,11720.0,11830.0,11810.0,12446.5,11715.666666666666,9473.333333333334,0.389267461669506,-0.0017035775127768327,true,true,true,false,0.7444514901712111,false,false,true,true,false,0.7788617886178861,1060.25,1068.86,1026.95,1036.73,-0.010158778655107392,-0.022183447300165037,-0.01488041505525528,-0.08873321144785884,false,false,0.05123802725878468,0.054884106758751106,0.08213324587886928,0.137258495461692,0.15669460708188243,false,false,비주도주,1.5–2.0×,지수 5일 하락,지수 음봉,지수<MA20,당일 음봉,비정배열,MA20 아래,52주 고가 20%+ 아래,0.021164017034230653,-0.035292965361817474,-0.055727794430828315,0.252008966207814,0.2317210658312352,,
222800,20251110,hogaplay,47684,83554,29252,10,true,30932,1.6301107616573225,심텍,KOSDAQ,false,true,54200.0,55100.0,48700.0,53700.0,5211649,-0.1324717285945073,-0.00922509225092251,-0.15830721003134796,0.042718446601941684,1.9833333333333334,77618015527.5,4.558436053744886,67100.0,67100.0,-0.03351955307262566,-0.0018621973929237035,0.040968342644320366,-0.06703910614525144,0.05214152700186214,-0.06486486486486487,-0.03423423423423422,0.007207207207207134,-0.0972972972972973,0.018018018018018056,0.033519553072625774,58900.0,48450.0,49000.0,61320.0,57172.5,40114.166666666664,31092.916666666668,0.09683426443202969,-0.0977653631284916,false,true,false,false,0.8002980625931445,false,false,true,true,true,0.9744094488188977,882.44,889.08,872.13,888.35,0.013161346243770078,0.006697339195865971,-0.028647968946476365,0.03237690153284767,true,true,-0.004592784375527681,0.03379298699836775,0.016119772612146033,-0.03592052681938418,0.04439691563010073,true,false,주도주(RS상위20%),1.5–2.0×,지수 5일 하락,지수 양봉,지수>MA20,당일 음봉,정배열,MA20 아래,52주 고가 5–20% 아래,-0.028926768697097982,-0.03565518439129145,0.024848570032174333,-0.031118579325867257,0.007744611371761412,,
222800,20260106,hogaplay,97694,59606,56366,9,true,18901,1.7332079622467444,심텍,KOSDAQ,false,true,50300.0,50300.0,48000.0,48150.0,1463321,-0.06866537717601551,-0.042743538767395624,-0.032160804020100464,-0.09999999999999998,1.1738148984198644,36463574952.5,2.1387176662077154,67100.0,58000.0,-0.09553478712357222,-0.10488058151609558,0.0031152647975076775,0.022845275181723856,0.29802699896157847,-0.11031664964249233,-0.11950970377936665,-0.013278855975485171,0.006128702757916216,0.27681307456588367,0.01661474558670828,53400.0,42500.0,42800.0,50160.0,51807.5,54013.333333333336,40979.166666666664,0.10903426791277249,-0.11734164070612674,false,false,false,false,0.7175856929955291,false,false,false,true,false,0.8735177865612648,959.38,960.35,950.07,955.97,-0.0015979112271540252,-0.0035543788696866395,0.03947067970032747,0.028112665756105937,true,true,-0.008975177045304816,-0.008420766342040142,-0.0073119449355105726,0.02133958178603934,0.1970354718244296,true,false,주도주(RS상위20%),1.5–2.0×,지수 5일 상승,지수 음봉,지수>MA20,당일 음봉,비정배열,MA20 아래,52주 고가 20%+ 아래,-0.0865596100782674,-0.09645981517405544,0.01042720973301825,0.0015056933956845153,0.10099152713714887,,
222800,20260706,hogaplay,23186,49992,11597,10,true,35886,1.9993101664223507,심텍,KOSDAQ,false,true,127900.0,127900.0,113300.0,118500.0,1139813,-0.08210689388071257,-0.07349491790461297,-0.0466613032984714,0.18500000000000005,1.7210103329506317,130362217185.0,1.1553126748457303,164200.0,164200.0,-0.08523206751054857,-0.005063291139240533,-0.08776371308016873,-0.1485232067510549,-0.1805907172995781,-0.07508532423208192,0.005972696245733822,-0.07764505119453924,-0.13907849829351537,-0.1715017064846417,-0.010970464135021119,129500.0,96300.0,99500.0,135660.0,127810.0,106796.66666666667,80015.83333333333,0.09282700421940926,-0.18734177215189873,false,false,false,false,0.7216808769792935,false,false,true,true,true,0.9247311827956989,866.4,872.12,825.73,847.07,-0.02457364608882895,-0.022310710987996224,-0.07984183712265225,-0.07057351956900992,false,false,-0.01869975326714446,-0.06265125668480764,-0.05632356239744063,-0.11065201223039423,-0.07832882760574689,true,false,주도주(RS상위20%),1.5–2.0×,지수 5일 하락,지수 음봉,지수<MA20,당일 음봉,정배열,MA20 아래,52주 고가 20%+ 아래,-0.06653231424340411,0.05758796554556711,-0.031440150682728096,-0.03787119452066068,-0.10226188969383121,14:31,14:00–15:30
237690,20250909,hogaplay,23490,25059,13037,10,true,7703,1.8017948914627597,에스티팜,KOSDAQ,false,true,94700.0,95600.0,92600.0,92600.0,365326,-0.05798575788402849,-0.022175290390707498,-0.03239289446186,0.008714596949890963,0.2152230971128608,13436531350.0,2.815077663412952,120800.0,102200.0,0.011879049676025932,0.02807775377969768,0.011879049676025932,0.0075593952483801186,0.004319654427645814,0.0,0.016008537886873064,0.0,-0.004268943436499417,-0.007470651013874119,0.011879049676025932,96600.0,90400.0,91400.0,97480.0,93560.0,88251.66666666667,82240.83333333333,0.043196544276457916,-0.023758099352051865,false,false,false,false,0.7665562913907285,false,false,true,true,true,0.39709443099273606,820.75,824.82,817.4,824.82,0.0075983386269240505,0.004958879074017728,0.03881612090680098,0.0159758576091642,true,true,0.009917315293033635,0.026987706408670986,0.03275866249605963,0.05745495987003224,0.028054605853398362,false,false,비주도주,1.5–2.0×,지수 5일 상승,지수 양봉,지수>MA20,당일 음봉,정배열,MA20 아래,52주 고가 20%+ 아래,0.0019617343829922973,0.0010900473710266922,-0.0208796128200337,-0.04989556462165212,-0.02373495142575255,,
237690,20260102,hogaplay,12824,27671,6920,9,true,14274,1.853179190751445,에스티팜,KOSDAQ,false,true,118100.0,120400.0,112200.0,115000.0,269409,-0.03523489932885904,-0.026248941574936496,-0.0792634107285829,-0.02376910016977929,0.36904761904761907,27840397380.0,1.2339178675094036,134000.0,134000.0,0.0765217391304347,0.10173913043478255,0.1460869565217391,0.06434782608695655,0.38782608695652177,0.0859649122807018,0.11140350877192984,0.15614035087719302,0.0736842105263158,0.3999999999999999,-0.008695652173912993,133300.0,112500.0,122400.0,120080.0,124340.0,107606.66666666667,99390.0,0.1591304347826088,-0.021739130434782594,true,true,false,false,0.8582089552238806,false,false,true,true,false,0.5769230769230769,930.35,945.57,930.35,945.57,0.02171869428506601,0.01635943462137908,0.02828526686676258,0.018472243165808644,true,true,0.012616728534111665,0.0019247649565869995,0.0024852734329556814,0.00953921972989824,0.21560540203263634,false,false,비주도주,1.5–2.0×,지수 5일 상승,지수 양봉,지수>MA20,당일 음봉,비정배열,MA20 아래,52주 고가 5–20% 아래,0.06390501059632303,0.09981436547819555,0.1436016830887834,0.05480860635705831,0.17222068492388543,,
237690,20260417,hogaplay,11999,15680,4183,10,true,11369,2.868515419555343,에스티팜,KOSDAQ,false,true,146200.0,146500.0,140300.0,141000.0,106683,-0.03885480572597133,-0.03556771545827633,-0.016050244242847178,-0.06498673740053051,0.48109243697479,18134097460.0,0.8664106003184384,171500.0,164500.0,0.006382978723404209,0.006382978723404209,0.049645390070921946,0.09078014184397154,-0.08794326241134753,-0.004210526315789442,-0.004210526315789442,0.03859649122807007,0.07929824561403498,-0.09754385964912282,0.010638297872340496,172100.0,135100.0,135800.0,144500.0,145765.0,148341.66666666666,130879.16666666667,0.22056737588652475,-0.04184397163120568,false,false,true,false,0.8221574344023324,false,false,false,true,false,0.5271317829457365,1166.78,1170.63,1156.02,1170.04,0.006079262577710409,0.002794014295754119,0.06986823697228473,0.007335215923961691,true,true,0.004110970565108785,0.009469761717548097,0.02888790126833274,0.03734915045639475,-0.07322826570031804,false,false,비주도주,2.0–3.0×,지수 5일 상승,지수 양봉,지수>MA20,당일 음봉,비정배열,MA20 아래,52주 고가 5–20% 아래,0.0022720081582954244,-0.0030867829941438885,0.020757488802589208,0.05343099138757679,-0.014714996711029493,,
240810,20260608,hogaplay,25478,52642,14417,10,true,1062,1.767219255046126,원익IPS,KOSDAQ,false,true,126000.0,136000.0,104600.0,104900.0,1615054,-0.20949510173323282,-0.16746031746031745,-0.010377358490566091,-0.21068472535741156,0.6974110032362459,105125738185.0,1.9356658905485256,151500.0,151500.0,0.1353670162059104,0.344137273593899,0.6634890371782649,0.644423260247855,0.1868446139180171,0.05772646536412074,0.25222024866785087,0.5497335701598578,0.5319715808170515,0.10568383658969815,0.0734032411820782,183300.0,109500.0,116700.0,113080.0,118740.0,119801.66666666667,105136.66666666667,0.7473784556720686,0.04385128693994278,true,true,true,false,0.6924092409240924,false,false,false,false,false,0.790273556231003,959.61,959.61,908.46,911.39,-0.09082837875583583,-0.05024958055876869,-0.15203758838853743,-0.2399889924781935,false,false,0.061905441139358475,0.0938566365661242,0.13456368843195565,0.06255280395878815,-0.07057351956900992,false,false,비주도주,1.5–2.0×,지수 5일 하락,지수 음봉,지수<MA20,당일 음봉,비정배열,MA20 아래,52주 고가 20%+ 아래,0.07346157506655193,0.2502806370277748,0.5289253487463093,0.5818704562890669,0.257418133487027,11:50,10:00–12:00
240810,20260713,hogaplay,166720,68304,32894,10,true,53045,5.068401532194321,원익IPS,KOSDAQ,false,true,127000.0,140100.0,121900.0,124800.0,3293587,-0.0016000000000000458,-0.01732283464566929,0.002409638554216942,-0.28481375358166194,0.5938697318007662,319874691395.0,1.5625002446160337,187800.0,187800.0,0.018429487179487225,0.12740384615384626,-0.06971153846153844,-0.2828525641025641,-0.1610576923076923,0.017614091273018495,0.12650120096076867,-0.07045636509207365,-0.2834267413931145,-0.16172938350680544,0.0008012820512821595,148100.0,88400.0,89500.0,114020.0,144035.0,130240.0,121129.16666666667,0.18669871794871784,-0.29166666666666663,false,false,false,false,0.6645367412140575,true,false,false,true,false,0.82,839.72,867.38,797.34,799.36,-0.04546051610283841,-0.04806364026103941,-0.05632356239744063,-0.2269469938009535,false,false,-0.019240392313851107,-0.009407526020816626,-0.057571056845476365,-0.11698108486789427,0.07315852682145718,true,false,주도주(RS상위20%),≥3.0×,지수 5일 하락,지수 음봉,지수<MA20,당일 음봉,비정배열,MA20 아래,52주 고가 20%+ 아래,0.03766987949333833,0.13681137217466288,-0.012140481616062071,-0.16587147923466983,-0.23421621912914947,14:54,14:00–15:30
241560,20260624,hogaplay,38174,15467,20545,10,true,11267,1.8580676563640788,두산밥캣,KOSPI,false,true,62600.0,63100.0,59900.0,61700.0,372973,-0.012800000000000034,-0.01437699680511182,-0.06515151515151518,-0.09264705882352942,0.06379310344827593,22001736810.0,1.1419439589470515,79700.0,71500.0,-0.02593192868719607,0.021069692058346856,0.03241491085899506,-0.004862236628849326,0.12317666126418159,-0.035313001605136396,0.011235955056179803,0.022471910112359605,-0.014446227929374,0.1123595505617978,0.009724473257698651,66300.0,58000.0,60100.0,64000.0,65265.0,67656.66666666667,64268.333333333336,0.07455429497568877,-0.05996758508914102,false,true,false,false,0.7741530740276035,false,false,false,false,false,0.4123314065510597,8356.79,8577.52,8080.99,8471.02,0.032567675625073234,0.013669124149344371,-0.044360261003763335,0.05262621605937734,true,true,0.0542177919542155,-0.00901544324060155,-0.019786283115846848,-0.1445197862831159,-0.16221541207552337,false,false,비주도주,1.5–2.0×,지수 5일 하락,지수 양봉,지수>MA20,당일 음봉,비정배열,MA20 아래,52주 고가 20%+ 아래,-0.08014972064141157,0.030085135298948407,0.05220119397484191,0.13965754965426658,0.28539207333970495,09:25,09:00–10:00
257720,20251024,hogaplay,70057,31098,45016,10,true,18916,1.5562688821752266,실리콘투,KOSDAQ,false,true,45750.0,45850.0,44350.0,44500.0,600845,-0.025191675794085433,-0.0273224043715847,0.03850641773628949,-0.03679653679653683,0.3971742543171115,28628835152.5,0.9380690511060243,63400.0,47900.0,-0.014606741573033655,-0.016853932584269704,0.011235955056179803,-0.10337078651685394,0.03146067415730336,-0.009039548022598876,-0.011299435028248594,0.016949152542372836,-0.09830508474576272,0.03728813559322042,-0.005617977528089901,46800.0,38500.0,39700.0,44020.0,44905.0,45643.333333333336,47203.75,0.051685393258426915,-0.1348314606741573,false,false,false,false,0.7018927444794952,true,false,false,false,false,0.4767676767676768,880.61,884.06,876.38,883.08,0.01267158239968813,0.002804873894232438,0.027386741745584864,0.02313725944549372,true,true,0.02221769262128004,0.020960728359831426,0.019635820084250577,-0.007100149476831241,-0.02166281650586588,false,false,비주도주,1.5–2.0×,지수 5일 상승,지수 양봉,지수>MA20,당일 음봉,비정배열,MA20 아래,52주 고가 20%+ 아래,-0.03682443419431369,-0.03781466094410113,-0.008399865028070774,-0.0962706370400227,0.05312349066316924,,
257720,20260203,hogaplay,155906,64774,48090,10,true,28876,3.2419629860677897,실리콘투,KOSDAQ,false,true,52400.0,52800.0,43750.0,45850.0,5393296,-0.1182692307692308,-0.125,-0.10273972602739723,0.13070283600493227,-0.11315280464216637,62589508462.5,4.985131157998679,63400.0,56100.0,-0.02071973827699014,-0.0992366412213741,-0.05125408942202836,-0.05125408942202836,-0.21155943293347879,-0.032327586206896575,-0.10991379310344829,-0.0625,-0.0625,-0.22090517241379315,0.01199563794983649,46500.0,40250.0,41300.0,51270.0,46470.0,43726.666666666664,44227.5,0.014176663031624903,-0.12213740458015265,false,false,false,false,0.723186119873817,false,false,true,true,true,0.07922272047832586,1135.94,1144.4,1119.65,1144.33,0.04185330856913949,0.007385953483458521,0.05702990051635437,0.1970354718244296,true,true,0.004456756355247338,-0.055543418419511825,-0.025455943652617607,0.008450359599066815,-0.036746393085910545,false,false,비주도주,≥3.0×,지수 5일 상승,지수 양봉,지수>MA20,당일 음봉,정배열,MA20 아래,52주 고가 20%+ 아래,-0.02517649463223748,-0.043693222801862275,-0.025798145769410752,-0.059704449021095174,-0.17481303984756824,,
267260,20260602,hogaplay,7640,45455,4941,10,true,1301,1.5462456992511637,HD현대일렉트릭,KOSPI,false,true,1065000.0,1065000.0,982000.0,995000.0,207853,-0.06660412757973733,-0.06572769953051644,-0.13327526132404177,-0.20527156549520764,0.2740076824583866,232698546050.0,1.0800593829226812,1430000.0,1430000.0,0.004020100502512669,-0.10653266331658295,-0.009045226130653283,0.12562814070351758,0.0170854271356784,-0.017699115044247815,-0.1258603736479843,-0.03048180924287114,0.1012782694198624,-0.004916420845624381,0.022110552763819014,1213000.0,844000.0,889000.0,1051000.0,1196400.0,1067766.6666666667,978058.3333333334,0.2190954773869347,-0.15175879396984926,false,false,false,false,0.6958041958041958,false,false,false,true,false,0.5164051355206848,8883.19,8933.62,8503.12,8801.49,0.0014917425054448152,-0.009197146520563077,0.09369109202722337,0.33378745148790623,true,true,-0.018415063813058907,-0.14964284456381816,-0.12164644849906092,0.007129474668493563,-0.056590418213279814,false,true,비주도주,1.5–2.0×,지수 5일 상승,지수 음봉,지수>MA20,당일 음봉,비정배열,MA20 아래,52주 고가 20%+ 아래,0.022435164315571576,0.0431101812472352,0.11260122236840764,0.11849866603502401,0.07367584534895821,,
267270,20260618,hogaplay,11093,37695,7332,10,true,24138,1.5129569012547737,HD건설기계,KOSPI,false,true,158000.0,158100.0,144000.0,144800.0,404007,-0.07119948685054522,-0.08354430379746836,0.01187980433263447,-0.10285006195786861,0.38167938931297707,61607020790.0,1.0051170518138814,217500.0,172200.0,-0.055939226519337026,-0.15814917127071826,-0.20441988950276246,-0.1595303867403315,-0.10013812154696133,-0.04672245467224545,-0.14993026499302653,-0.19665271966527198,-0.1513249651324965,-0.0913528591352859,-0.00966850828729282,143900.0,104800.0,110200.0,150480.0,150830.0,159543.33333333334,140132.5,-0.006215469613259694,-0.2762430939226519,false,false,false,false,0.6657471264367816,false,false,false,true,false,0.558983666061706,8884.92,9106.07,8867.34,9063.84,0.022517440863514482,0.0201374913899056,0.16742637446145325,0.24646091813973703,true,true,-0.0012599516319793391,-0.09488252219809701,-0.01473326978410927,-0.15619759395576271,-0.24749333615774327,false,false,비주도주,1.5–2.0×,지수 5일 상승,지수 양봉,지수>MA20,당일 음봉,비정배열,MA20 아래,52주 고가 20%+ 아래,-0.05467927488735769,-0.06326664907262125,-0.1896866197186532,-0.003332792784568772,0.14735521461078194,12:42,12:00–14:00
271560,20260819,hogaplay,38790,14205,8340,10,true,11076,4.651079136690647,오리온,KOSPI,false,true,124000.0,125000.0,121300.0,124100.0,114133,-0.007993605115907298,0.0008064516129032258,-0.08750000000000002,-0.030468750000000044,-0.08750000000000002,15207729465.0,0.9967138040316376,150100.0,143900.0,0.0040290088638195165,0.03384367445608372,0.03948428686543104,0.027397260273972712,,0.0032206119162641045,0.03301127214170685,0.03864734299516903,0.02657004830917864,,0.0008058017727639033,130800.0,123600.0,124600.0,129560.0,132065.0,132435.0,133500.0,0.0539887187751813,-0.0040290088638195165,true,true,false,false,0.826782145236509,false,false,false,false,false,0.549367088607595,6528.77,6614.39,6400.81,6471.17,-0.05803054806305252,-0.008822488768941218,0.019799764558673605,-0.041016901429322905,true,false,0.05893988258692007,0.03489168110248997,0.05208331723629578,0.014147364386965622,,false,false,비주도주,≥3.0×,지수 5일 상승,지수 음봉,지수>MA20,당일 양봉,비정배열,MA20 아래,52주 고가 5–20% 아래,-0.05491087372310055,-0.001048006646406252,-0.012599030370864739,0.01324989588700709,,14:35,14:00–15:30
278470,20260618,hogaplay,17667,46105,8269,10,true,27268,2.136534042810497,에이피알,KOSPI,false,true,409000.0,409500.0,374500.0,378000.0,403575,-0.07466340269277849,-0.07579462102689487,-0.0791717417783191,-0.049056603773584895,0.4736842105263157,122385130325.0,1.3695341225496767,473000.0,443000.0,0.01984126984126977,-0.059523809523809534,0.007936507936507908,0.06349206349206349,0.039682539682539764,0.0052151238591917615,-0.07301173402868322,-0.006518904823989535,0.04823989569752274,0.024771838331160367,0.014550264550264647,433500.0,342500.0,355500.0,399200.0,398025.0,392258.3333333333,332670.8333333333,0.14682539682539675,-0.09391534391534395,false,false,false,false,0.7991543340380549,false,false,false,true,true,0.6188747731397459,8884.92,9106.07,8867.34,9063.84,0.022517440863514482,0.0201374913899056,0.16742637446145325,0.24646091813973703,true,true,-0.0012599516319793391,-0.09488252219809701,-0.01473326978410927,-0.15619759395576271,-0.24749333615774327,false,false,비주도주,2.0–3.0×,지수 5일 상승,지수 양봉,지수>MA20,당일 음봉,정배열,MA20 아래,52주 고가 20%+ 아래,0.02110122147324911,0.035358712674287474,0.02266977772061718,0.2196896574478262,0.28717587584028303,12:55,12:00–14:00
281820,20260720,hogaplay,33787,17754,10084,10,true,22205,3.350555335184451,케이씨텍,KOSPI,false,true,95900.0,99800.0,90700.0,93400.0,150097,-0.07341269841269837,-0.026068821689259645,-0.04106776180698157,0.09495896834701045,1.4165588615782667,32221256560.0,0.4494210108072793,124800.0,124800.0,0.07387580299785856,-0.07815845824411138,-0.18094218415417562,-0.2623126338329764,-0.25695931477516065,0.061375661375661306,-0.0888888888888889,-0.19047619047619047,-0.27089947089947086,-0.2656084656084656,0.01177730192719495,106000.0,53500.0,55100.0,96620.0,95000.0,78018.33333333333,62389.166666666664,0.13490364025695922,-0.4271948608137045,false,false,false,false,0.7483974358974359,false,false,true,true,true,0.9260143198090692,6643.58,6814.86,6472.8,6516.27,-0.044619241708940605,-0.01916286098759998,-0.12836780391495906,-0.28016265263874185,false,false,0.035554082320100155,0.08910312187800695,0.036751086127493116,-0.03971904172172125,0.05425803412074681,true,false,주도주(RS상위20%),≥3.0×,지수 5일 하락,지수 음봉,지수<MA20,당일 음봉,정배열,MA20 아래,52주 고가 20%+ 아래,0.03832172067775841,-0.16726158012211834,-0.21769327028166874,-0.22259359211125518,-0.31121734889590746,15:12,14:00–15:30
298380,20260721,hogaplay,29503,25660,11046,10,true,17515,2.6709216005793954,에이비엘바이오,KOSDAQ,false,true,69400.0,70800.0,67100.0,69300.0,432910,-0.012820512820512775,-0.001440922190201729,-0.12389380530973448,-0.29068577277379737,-0.6086956521739131,37089911925.0,1.062882705046428,257500.0,108300.0,0.0014430014430013571,0.044733044733044736,-0.00721500721500723,0.1601731601731602,0.15007215007215002,-0.0099857346647646,0.032810271041369576,-0.01854493580599148,0.14693295292439368,0.1369472182596292,0.011544011544011523,81700.0,59800.0,60800.0,73760.0,87555.0,107473.33333333333,145092.5,0.17893217893217894,-0.13708513708513703,false,false,false,false,0.269126213592233,false,false,false,false,false,0.021739130434782608,750.07,758.36,730.81,753.34,0.004935702470519221,0.004359593104643542,-0.057571056845476365,-0.22207765386204048,false,false,-0.0029866992327501896,-0.0067964000318581075,-0.06303926513924651,0.03634481110786636,0.0944062441925293,false,true,비주도주,2.0–3.0×,지수 5일 하락,지수 양봉,지수<MA20,당일 음봉,비정배열,MA20 아래,52주 고가 20%+ 아래,0.004429700675751547,0.05152944476490284,0.055824257924239284,0.12382834906529383,0.055665905879620725,11:05,10:00–12:00
307950,20260826,hogaplay,9242,34771,4839,10,true,14998,1.9098987394089688,현대오토에버,KOSPI,false,true,457500.0,471000.0,410000.0,414500.0,270791,-0.0910087719298246,-0.09398907103825137,-0.05040091638029787,0.21376281112737927,-0.0727069351230425,45130658450.0,2.734565174033895,1066000.0,508000.0,-0.0024125452352231624,0.016887816646562026,-0.0699638118214716,,,-0.0024125452352231624,0.016887816646562026,-0.0699638118214716,,,0.0,,,,447100.0,419825.0,515625.0,495275.0,,,,,,false,0.3888367729831144,false,false,false,false,false,0.5333333333333333,6727.25,6887.18,6704.1,6808.21,0.009709702583816204,0.012034635252146127,0.05208331723629578,0.13024473492859823,true,false,0.015299175554220446,0.0017346703465375146,-0.036057935933233476,,,false,false,비주도주,1.5–2.0×,지수 5일 상승,지수 양봉,지수>MA20,당일 음봉,비정배열,MA20 아래,52주 고가 20%+ 아래,-0.017711720789443608,0.015153146300024511,-0.033905875888238124,,,15:19,14:00–15:30
322000,20260810,hogaplay,20449,48364,10911,10,true,24186,1.8741636880212629,HD현대에너지솔루션,KOSPI,false,true,127800.0,129700.0,117200.0,120300.0,660301,-0.05868544600938963,-0.05868544600938967,0.005852842809364489,0.0552631578947369,0.5247148288973384,81732371185.0,1.172951457060902,256000.0,212500.0,-0.014962593516209433,0.032418952618453956,0.035743973399833706,0.12302576891105566,,-0.014962593516209433,0.032418952618453956,0.035743973399833706,0.12302576891105566,,0.0,143500.0,115100.0,118500.0,129400.0,125130.0,145218.33333333334,144763.33333333334,0.1928512053200333,-0.04322527015793853,false,true,false,false,0.469921875,false,false,false,false,false,0.8490566037735849,6306.33,6394.06,6232.45,6299.66,0.0065332325680604875,-0.0010576674547637171,0.006745559293322323,-0.15734208674761962,false,false,0.007281345342446954,0.08154090855696983,0.09050805916509774,0.07033395453087943,,true,false,주도주(RS상위20%),1.5–2.0×,지수 5일 상승,지수 음봉,지수<MA20,당일 음봉,비정배열,MA20 아래,52주 고가 20%+ 아래,-0.022243938858656387,-0.04912195593851587,-0.05476408576526404,0.05269181438017623,,12:35,12:00–14:00
329180,20260127,hogaplay,32329,59735,14086,10,true,32551,2.2951157177339203,HD현대중공업,KOSPI,false,true,612000.0,613000.0,571000.0,588000.0,449651,-0.028099173553719048,-0.0392156862745098,-0.08268330733229334,0.1484375,0.24840764331210186,162951125650.0,1.7288185119467572,652000.0,652000.0,-0.003401360544217691,-0.022108843537414935,-0.010204081632653073,-0.09183673469387754,0.025510204081632626,-0.013468013468013518,-0.03198653198653201,-0.02020202020202022,-0.101010101010101,0.015151515151515138,0.010204081632652962,596000.0,513000.0,534000.0,612800.0,590850.0,562300.0,534729.1666666666,0.013605442176870763,-0.12755102040816324,false,false,false,false,0.901840490797546,false,false,true,true,true,0.3996710526315789,4932.89,5084.85,4890.72,5084.85,0.027327516016478093,0.030805471032194116,0.040751164099677606,0.23129395013657228,true,true,0.016905120111704308,0.027436404220380073,0.03996774732784636,0.04264432579132116,0.22798705959861154,false,true,비주도주,2.0–3.0×,지수 5일 상승,지수 양봉,지수>MA20,당일 음봉,정배열,MA20 아래,52주 고가 5–20% 아래,-0.020306480655922,-0.04954524775779501,-0.05017182896049943,-0.1344810604851987,-0.20247685551697892,,
336260,20260902,hogaplay,92494,57922,55584,10,true,21388,1.6640400115141047,두산퓨얼셀,KOSPI,false,true,44850.0,46000.0,37950.0,38700.0,3410589,-0.12739571589627963,-0.13712374581939799,-0.14945054945054947,0.3531468531468531,-0.0730538922155689,42238517042.5,3.513869350730542,108900.0,47450.0,,,,,,,,,,,,,,,43760.0,38910.0,46418.333333333336,52931.25,,,,,,false,0.35537190082644626,false,false,false,false,false,0.5048543689320388,6625.47,6694.57,6558.3,6562.72,-0.03994850639281433,-0.009471026206442712,-0.036057935933233476,0.032044598557938064,false,false,0.015164444011019684,,,,,false,true,비주도주,1.5–2.0×,지수 5일 하락,지수 음봉,지수<MA20,당일 음봉,비정배열,MA20 아래,52주 고가 20%+ 아래,,,,,,13:56,12:00–14:00
353200,20260710,hogaplay,31754,60118,15927,10,true,42519,1.9937213536761473,대덕전자,KOSPI,false,true,117500.0,124000.0,109400.0,120900.0,2589446,0.07946428571428577,0.02893617021276596,-0.06712962962962965,-0.2681598062953995,1.7168539325842698,147756878140.0,2.4311876000556194,198000.0,188450.0,-0.058726220016542596,0.1844499586435071,-0.0016542597187758634,-0.09511993382961126,-0.11000827129859392,-0.06105610561056107,0.1815181518151816,-0.004125412541254092,-0.09735973597359737,-0.11221122112211224,0.002481389578163684,145700.0,105100.0,109400.0,115860.0,140810.0,134970.0,100517.08333333333,0.20512820512820507,-0.130686517783292,false,true,false,false,0.6106060606060606,true,false,false,true,false,0.9223946784922394,7552.49,7704.93,7429.51,7475.94,0.02523755778664305,-0.010135730070480091,-0.07571392893968365,-0.07972800303313055,false,false,-0.08948841215954106,-0.025619520755918335,-0.12836780391495906,-0.09633437400514178,-0.15734208674761962,true,false,주도주(RS상위20%),1.5–2.0×,지수 5일 하락,지수 음봉,지수<MA20,당일 양봉,비정배열,MA20 아래,52주 고가 20%+ 아래,0.030762192142998468,0.21006947939942544,0.1267135441961832,0.0012144401755305179,0.04733381544902571,15:08,14:00–15:30
356860,20260807,hogaplay,23262,22838,12349,10,true,9516,1.8837152805895214,티엘비,KOSDAQ,false,true,28500.0,30200.0,27300.0,28100.0,501698,-0.06176961602671116,-0.014035087719298246,0.06439393939393945,-0.18666611549393508,-0.017783912945203317,13089793991.691889,1.2583014492971718,67612.07390300231,44607.13563829787,0.02491103202846978,0.06227758007117434,0.11743772241992878,0.20106761565836306,,0.015873015873015817,0.05291005291005302,0.10758377425044086,0.19047619047619047,,0.008896797153024938,36400.0,26200.0,28300.0,27700.0,30767.39002659574,41312.14701427449,37817.96167110953,0.2953736654804271,-0.06761565836298933,false,true,false,false,0.4156062427594344,true,false,false,false,false,0.5896739130434783,807.62,814.8,776.6,798.81,-0.0035675527336684887,-0.010908595626656173,0.10982827609203061,0.006057934508816087,true,false,0.06967864698739379,0.07523691491092999,0.082422603622889,0.018177038344537655,,false,false,비주도주,1.5–2.0×,지수 5일 상승,지수 음봉,지수>MA20,당일 음봉,비정배열,MA20 아래,52주 고가 20%+ 아래,-0.04476761495892401,-0.012959334839755643,0.03501511879703978,0.1828905773138254,,09:35,09:00–10:00
381620,20260716,hogaplay,27065,8192,16102,10,true,2051,1.680847099739163,제닉스로보틱스,KOSDAQ,false,true,5420.0,6790.0,5340.0,5680.0,491761,0.055762081784386686,0.04797047970479705,0.11154598825831696,-0.28101265822784816,-0.6077348066298343,846162332.5,3.989461728795684,19940.0,8670.0,-0.08274647887323938,0.079225352112676,0.005281690140845008,-0.03169014084507038,0.19718309859154926,-0.07787610619469032,0.08495575221238938,0.010619469026548645,-0.026548672566371723,0.20353982300884965,-0.005281690140845119,6890.0,4560.0,4805.0,5357.0,5941.25,8829.583333333334,10035.708333333334,0.2130281690140845,-0.19718309859154926,false,false,false,false,0.2848545636910732,true,false,false,false,false,,813.32,816.47,786.59,791.84,-0.04532028019242118,-0.02641026902080364,-0.0027204030226699594,-0.20889572697391423,false,false,-0.05329359466558903,-0.0514624166498282,-0.05508688623964442,-0.09102849060416252,0.09195039401899363,,false,유니버스 밖,1.5–2.0×,지수 5일 하락,지수 음봉,지수<MA20,당일 양봉,비정배열,MA20 아래,52주 고가 20%+ 아래,-0.029452884207650354,0.1306877687625042,0.060368576380489425,0.059338349759092135,0.10523270457255562,,
388720,20260828,hogaplay,3794,2939,2268,10,true,3036,1.6728395061728396,유일로보틱스,KOSDAQ,false,true,67700.0,68300.0,66600.0,67000.0,8814,-0.020467836257309968,-0.0103397341211226,-0.007407407407407418,0.1964285714285714,-0.3557692307692307,1857920340.0,0.3111920023584781,155000.0,77800.0,-0.008955223880596996,-0.05671641791044779,,,,0.0030211480362538623,-0.0453172205438066,,,,-0.011940298507462699,,,,67240.0,69630.0,71238.33333333333,83994.16666666667,,,,,,false,0.432258064516129,false,false,false,false,false,,835.23,840.85,829.59,838.41,0.0009073001850414819,0.0038073345066627754,0.04547721774696356,0.3003039796519744,true,false,-0.004914063525005674,-0.04106582698202543,,,,,true,유니버스 밖,1.5–2.0×,지수 5일 상승,지수 양봉,지수>MA20,당일 음봉,비정배열,MA20 아래,52주 고가 20%+ 아래,-0.004041160355591322,-0.01565059092842236,,,,12:26,12:00–14:00
389500,20260618,hogaplay,17214,11800,9609,10,true,6466,1.791445519825164,에스비비테크,KOSDAQ,false,true,59500.0,59600.0,53200.0,53700.0,194734,-0.09443507588532885,-0.09747899159663866,-0.03590664272890487,-0.29527559055118113,0.43199999999999994,11956137160.0,1.1429238835254603,115000.0,92800.0,-0.07169459962756053,-0.2094972067039106,-0.2178770949720671,-0.2737430167597765,-0.4171322160148976,-0.07169459962756053,-0.2094972067039106,-0.2178770949720671,-0.2737430167597765,-0.4171322160148976,0.0,53700.0,37600.0,38700.0,59640.0,68220.0,65009.166666666664,60312.083333333336,0.0,-0.2998137802607076,false,false,false,false,0.46695652173913044,false,false,false,false,false,0.5952813067150635,1029.81,1031.54,996.93,1000.93,-0.030068994922283876,-0.028044008118002346,0.004012317815694111,-0.07693939282157214,false,false,-0.034308093473069956,-0.10930834324078609,-0.11301489614658367,-0.1340853006703765,-0.20889572697391423,false,false,비주도주,1.5–2.0×,지수 5일 상승,지수 음봉,지수<MA20,당일 음봉,비정배열,MA20 아래,52주 고가 20%+ 아래,-0.03738650615449057,-0.1001888634631245,-0.10486219882548342,-0.13965771608940003,-0.20823648904098335,14:58,14:00–15:30
389500,20260901,hogaplay,13022,5679,7449,10,true,5871,1.7481541146462611,에스비비테크,KOSDAQ,false,true,38600.0,38650.0,36300.0,37200.0,58537,-0.01976284584980237,-0.03626943005181347,-0.035019455252918275,0.13414634146341453,-0.26627218934911245,4333543775.0,0.48791933498204176,115000.0,43900.0,-0.05779569892473113,,,,,-0.026388888888888906,,,,,-0.032258064516129004,,,,37870.0,37437.5,39836.666666666664,51884.583333333336,,,,,,false,0.3234782608695652,false,false,false,false,false,,831.96,833.52,815.52,821.25,-0.01563005669491424,-0.012873215058416314,-0.007132926313244248,0.11378585475011871,false,false,-0.021028919330289164,,,,,,false,유니버스 밖,1.5–2.0×,지수 5일 하락,지수 음봉,지수<MA20,당일 음봉,비정배열,MA20 아래,52주 고가 20%+ 아래,-0.03676677959444197,,,,,10:54,10:00–12:00
393890,20260720,hogaplay,15112,8366,9940,10,true,5254,1.5203219315895373,더블유씨피,KOSDAQ,false,true,7800.0,7990.0,7450.0,7520.0,164595,-0.07503075030750306,-0.035897435897435895,-0.1578947368421053,-0.35890878090366585,-0.042038216560509545,1864628528.5,0.8255710080347652,21350.0,12380.0,-0.01196808510638303,0.0585106382978724,-0.04122340425531912,-0.14760638297872342,0.18218085106382986,-0.04498714652956293,0.023136246786632286,-0.07326478149100257,-0.17609254498714655,0.14267352185089965,0.034574468085106336,7960.0,5520.0,5790.0,8154.0,9418.0,13701.0,12648.5,0.0585106382978724,-0.26595744680851063,false,false,false,false,0.3522248243559719,false,false,false,false,false,,773.21,783.74,747.0,749.64,-0.05329359466558903,-0.030483309838207018,-0.10483264272834736,-0.224448835597306,false,false,0.004935702470519221,0.05421268875727003,0.020303078811162667,-0.016394536043967678,0.1128008110559735,,false,유니버스 밖,1.5–2.0×,지수 5일 하락,지수 음봉,지수<MA20,당일 음봉,비정배열,MA20 아래,52주 고가 20%+ 아래,-0.01690378757690225,0.004297949540602364,-0.061526483066481785,-0.13121184693475574,0.06938004000785636,,
402340,20260721,hogaplay,10988,64711,7029,10,true,63339,1.5632380139422393,SK스퀘어,KOSPI,false,true,1187000.0,1263000.0,1156000.0,1253000.0,686825,0.06457094307561606,0.05560235888795282,0.07924203273040487,-0.36395939086294415,1.9139534883720932,1952394006250.0,0.5294901110258255,2189000.0,2189000.0,-0.018355945730247458,-0.11492418196328813,-0.26177174780526735,-0.1540303272146848,-0.19872306464485234,-0.11891117478510027,-0.20558739255014324,-0.3373925501432665,-0.24068767908309452,-0.2808022922636103,0.11412609736632073,1400000.0,768000.0,799000.0,1242800.0,1484500.0,1282550.0,922416.6666666666,0.11731843575418988,-0.3870710295291301,false,false,false,false,0.5724074920054819,true,false,false,true,false,0.9565217391304348,6553.88,6836.86,6429.03,6747.95,0.035554082320100155,0.029611466795241858,-0.008664699064042103,-0.25965077815141724,false,false,0.007372609459169066,-0.008495913573752012,-0.10733482020465479,-0.057647137278729055,-0.041016901429322905,true,false,주도주(RS상위20%),1.5–2.0×,지수 5일 하락,지수 양봉,지수<MA20,당일 양봉,비정배열,MA20 아래,52주 고가 20%+ 아래,-0.025728555189416524,-0.10642826838953612,-0.15443692760061256,-0.09638318993595574,-0.15770616321552944,15:03,14:00–15:30
403870,20260224,hogaplay,494231,68413,160268,10,true,35017,3.083778421144583,HPSP,KOSDAQ,false,true,43150.0,43500.0,40500.0,40950.0,13708003,-0.08999999999999997,-0.05098493626882966,-0.036470588235294144,0.2315789473684211,0.6090373280943024,132711446690.0,5.608694161427576,48800.0,48800.0,0.0012210012210012167,0.09523809523809534,-0.07326007326007322,0.0647130647130647,0.2148962148962148,-0.023809523809523836,0.06785714285714284,-0.09642857142857142,0.03809523809523818,0.18452380952380953,0.02564102564102555,48500.0,37950.0,37950.0,44140.0,43282.5,35543.333333333336,33742.916666666664,0.18437118437118438,-0.07326007326007322,false,false,false,false,0.8391393442622951,false,false,true,true,true,0.5455801104972375,1159.76,1165.32,1146.22,1165.0,0.011293500811639046,0.004518176174380914,0.034645067895807236,0.20059772247127317,true,true,0.00021459227467812703,0.023845493562231646,-0.16013733905579397,-0.02418025751072972,-0.004678111587982925,false,false,비주도주,≥3.0×,지수 5일 상승,지수 양봉,지수>MA20,당일 음봉,정배열,MA20 아래,52주 고가 5–20% 아래,0.0010064089463230896,0.0713926016758637,0.08687726579572075,0.08889332222379442,0.21957432648419772,,
403870,20260413,hogaplay,180999,63402,88508,10,true,2907,2.0450015817779184,HPSP,KOSDAQ,false,true,44150.0,45750.0,40600.0,41400.0,4188767,-0.09110867178924265,-0.0622876557191393,-0.004807692307692291,-0.05587229190421894,0.1358024691358024,146394375200.0,1.4112662710633688,53900.0,53900.0,0.030193236714975757,0.06642512077294693,0.10386473429951693,0.32367149758454117,0.33574879227053134,0.0011737089201877549,0.03638497652582151,0.07276995305164324,0.2863849765258215,0.2981220657276995,0.02898550724637672,57400.0,41550.0,42550.0,43840.0,45370.0,42967.5,37522.083333333336,0.38647342995169076,0.0036231884057971175,true,true,true,false,0.7680890538033395,false,false,false,true,false,0.24098360655737705,1076.85,1101.11,1074.84,1099.84,0.005678337280432988,0.02134930584575383,0.05009690940164413,-0.03377873828286293,false,true,0.020039278440500574,0.05739925807390178,0.06820082921152171,0.11487125400058207,0.07009201338376503,false,false,비주도주,2.0–3.0×,지수 5일 상승,지수 양봉,지수<MA20,당일 음봉,비정배열,MA20 아래,52주 고가 20%+ 아래,0.010153958274475183,0.00902586269904515,0.03566390508799522,0.2088002435839591,0.2656567788867663,13:29,12:00–14:00
403870,20260528,hogaplay,106916,57465,64434,10,true,1200,1.6593103020144644,HPSP,KOSDAQ,false,true,55000.0,55000.0,49100.0,50900.0,2666411,-0.0778985507246377,-0.07454545454545454,0.051652892561983466,-0.07116788321167888,0.7673611111111112,141226453055.0,0.9936195681730179,67800.0,67800.0,-0.04420432220039294,-0.13261296660117883,-0.011787819253438081,0.4047151277013752,0.035363457760314354,-0.047945205479452024,-0.13600782778864973,-0.015655577299412915,0.39921722113502933,0.03131115459882583,0.003929273084479323,71500.0,43200.0,44150.0,54860.0,53470.0,48110.833333333336,42187.916666666664,0.4047151277013752,-0.15127701375245584,false,false,true,false,0.7507374631268436,false,false,true,true,true,0.6856745479833102,1135.84,1136.13,1066.79,1104.36,-0.025389849355325733,-0.027715171150866337,0.045726135578133986,-0.09934919832324796,false,false,-0.026766634068600803,-0.07092795827447562,-0.09228874642326768,-0.06819334275055233,-0.22908290774747353,false,false,비주도주,1.5–2.0×,지수 5일 상승,지수 음봉,지수<MA20,당일 음봉,정배열,MA20 아래,52주 고가 20%+ 아래,-0.01743768813179214,-0.061685008326703206,0.0805009271698296,0.4729084704519275,0.2644463655077879,10:03,10:00–12:00
437730,20260220,hogaplay,48715,35306,25896,10,true,11750,1.8811785603954279,삼현,KOSDAQ,false,true,53300.0,53400.0,49000.0,49150.0,2875081,-0.06380952380952376,-0.07786116322701689,-0.13922942206654987,-0.29985754985754987,3.262792714657415,28105215717.5,7.885325096623366,76900.0,76300.0,0.04374364191251279,0.16785350966429302,0.22075279755849442,0.0600203458799593,0.01729399796541209,-0.04823747680890533,0.06493506493506485,0.1131725417439704,-0.033395176252319136,-0.07235621521335811,0.09664292980671418,61000.0,42300.0,42800.0,52890.0,60737.5,54869.166666666664,39375.75,0.24109867751780256,-0.1393692777212614,false,false,false,false,0.6391417425227568,false,false,false,true,false,0.96398891966759,1161.4,1162.62,1147.72,1154.0,-0.005780944421948653,-0.006371620458067927,0.03479196556671438,0.18192898184090045,true,true,-0.00174176776429813,0.00974870017331031,0.03360485268630842,-0.04481802426343151,-0.04948873483535521,true,true,주도주(RS상위20%),1.5–2.0×,지수 5일 상승,지수 음봉,지수>MA20,당일 음봉,비정배열,MA20 아래,52주 고가 20%+ 아래,0.04548540967681092,0.1581048094909827,0.187147944872186,0.10483837014339081,0.0667827328007673,,
440110,20260813,hogaplay,27017,26666,16539,10,true,18194,1.6335328617207812,파두,KOSDAQ,false,true,65800.0,66400.0,62200.0,63000.0,531665,-0.03076923076923077,-0.0425531914893617,0.08808290155440424,-0.2115143929912391,0.2068965517241379,38031833975.0,0.8677552377421504,129400.0,82000.0,0.039682539682539764,0.014285714285714235,-0.01746031746031751,0.004761904761904745,,-0.0030441400304414,-0.0273972602739726,-0.0578386605783866,-0.0365296803652968,,0.04285714285714293,75300.0,58600.0,61900.0,61700.0,63500.0,85215.0,75240.0,0.1952380952380952,-0.06984126984126982,false,false,false,false,0.4868624420401855,true,false,false,false,false,0.7350649350649351,863.15,870.96,853.09,861.37,0.0028640951904157497,-0.002062213983664453,0.07446954482517754,0.038508373220163206,true,false,0.0038078874351323844,-0.0428503430581515,-0.06899474093595082,-0.026655212045926913,,false,false,비주도주,1.5–2.0×,지수 5일 상승,지수 음봉,지수>MA20,당일 음봉,비정배열,MA20 아래,52주 고가 20%+ 아래,0.03587465224740738,0.05713605734386573,0.051534423475633306,0.03141711680783166,,13:46,12:00–14:00
454910,20260721,hogaplay,51440,38036,24357,10,true,32543,2.1119185449768034,두산로보틱스,KOSPI,false,true,61000.0,65700.0,59700.0,63900.0,586603,0.03398058252427183,0.047540983606557376,-0.0884450784593438,-0.36354581673306774,-0.4710264900662252,45354694095.0,1.0450123495564467,170000.0,101800.0,0.05790297339593109,0.012519561815336422,-0.05477308294209704,0.07198748043818459,0.11893583724569634,-0.049226441631504914,-0.09001406469760898,-0.15049226441631502,-0.03656821378340369,0.005625879043600568,0.11267605633802824,75600.0,54200.0,55400.0,66000.0,78950.0,99605.0,98011.66666666667,0.18309859154929575,-0.1517996870109546,false,false,false,false,0.37588235294117645,false,false,false,false,false,0.057971014492753624,6553.88,6836.86,6429.03,6747.95,0.035554082320100155,0.029611466795241858,-0.008664699064042103,-0.25965077815141724,false,false,0.007372609459169066,-0.008495913573752012,-0.10733482020465479,-0.057647137278729055,-0.041016901429322905,false,false,비주도주,2.0–3.0×,지수 5일 하락,지수 양봉,지수<MA20,당일 양봉,비정배열,MA20 아래,52주 고가 20%+ 아래,0.050530363936762024,0.021015475389088434,0.05256173726255775,0.12963461771691365,0.15995273867501925,10:42,10:00–12:00
454910,20260901,hogaplay,45370,32293,30067,10,true,25174,1.5089633152625803,두산로보틱스,KOSPI,false,true,71000.0,71800.0,68600.0,69000.0,274750,-0.028169014084507005,-0.028169014084507043,-0.017094017094017144,0.0714285714285714,-0.19298245614035092,30804978885.0,0.6082535860672182,170000.0,82000.0,-0.04347826086956519,,,,,-0.022222222222222254,,,,,-0.021739130434782594,,,,71300.0,72535.0,79981.66666666667,89345.83333333333,,,,,,false,0.40588235294117647,false,false,false,false,false,0.3078817733990148,6784.29,6857.35,6732.47,6835.8,0.00231377620593487,0.007592541002816834,0.013801510958453056,0.09242582841253233,true,false,-0.03994850639281433,,,,,false,false,비주도주,1.5–2.0×,지수 5일 상승,지수 양봉,지수>MA20,당일 음봉,비정배열,MA20 아래,52주 고가 20%+ 아래,-0.003529754476750857,,,,,14:27,14:00–15:30
456040,20260716,hogaplay,5885,9048,2807,9,true,6078,2.0965443534022086,OCI,KOSPI,false,true,88600.0,93200.0,86600.0,89800.0,47301,-0.0055370985603543366,0.013544018058690745,0.04540162980209539,-0.141491395793499,0.273758865248227,4459371325.0,0.9557727046785398,163200.0,106700.0,-0.04454342984409798,-0.07015590200445432,-0.1458797327394209,-0.232739420935412,-0.09910913140311806,-0.046666666666666634,-0.07222222222222219,-0.14777777777777779,-0.23444444444444446,-0.10111111111111115,0.00222717149220486,93300.0,59100.0,62000.0,89720.0,91440.0,112081.66666666667,98654.16666666667,0.03897550111358572,-0.34187082405345215,false,false,false,false,0.5502450980392157,true,false,false,false,false,,6960.5,6995.93,6730.87,6820.6,-0.06367159454231697,-0.020099130809568225,-0.06463464304962618,-0.24749333615774327,false,false,-0.044619241708940605,-0.003357475881887284,-0.019056974459724985,-0.0330102923496467,0.023068351757909777,,false,유니버스 밖,2.0–3.0×,지수 5일 하락,지수 음봉,지수<MA20,당일 양봉,비정배열,MA20 아래,52주 고가 20%+ 아래,0.00007581186484262314,-0.06679842612256703,-0.1268227582796959,-0.1997291285857653,-0.12217748316102783,10:14,10:00–12:00
456040,20260810,hogaplay,11885,11966,6871,10,true,8262,1.7297336632222384,OCI,KOSPI,false,true,77000.0,77600.0,74500.0,77400.0,82646,0.0,0.005194805194805195,0.10099573257467998,-0.13422818791946312,-0.011494252873563204,6092575375.0,1.1024530601056084,163200.0,98100.0,0.015503875968992276,0.040051679586563305,0.03100775193798455,0.04263565891472876,,0.024771838331160367,0.049543676662320735,0.04041720990873543,0.052151238591916504,,-0.009043927648578864,82100.0,75600.0,78600.0,76160.0,78070.0,96743.33333333333,98964.16666666667,0.060723514211886265,-0.023255813953488413,true,true,false,false,0.4742647058823529,true,false,false,false,false,0.5822102425876011,6306.33,6394.06,6232.45,6299.66,0.0065332325680604875,-0.0010576674547637171,0.006745559293322323,-0.15734208674761962,false,false,0.007281345342446954,0.08154090855696983,0.09050805916509774,0.07033395453087943,,false,false,비주도주,1.5–2.0×,지수 5일 상승,지수 음봉,지수<MA20,당일 양봉,비정배열,MA20 아래,52주 고가 20%+ 아래,0.008222530626545321,-0.04148922897040652,-0.05950030722711319,-0.02769829561615067,,12:47,12:00–14:00
457550,20260721,hogaplay,12224,2751,5886,10,true,2884,2.076792388718994,우진엔텍,KOSDAQ,false,true,13490.0,14200.0,13350.0,13900.0,32573,0.015339663988312546,0.03039288361749444,-0.05442176870748294,-0.280910501810657,-0.5062166962699822,837244192.0,0.6197923306573913,34900.0,20300.0,0.01942446043165469,0.06690647482014378,-0.010071942446043147,0.03309352517985609,-0.033812949640287804,0.00425230333097093,0.051027639971651384,-0.024805102763997167,0.017717930545712246,-0.048192771084337394,0.015107913669064832,15490.0,10750.0,11900.0,14372.0,15836.5,21380.333333333332,24155.583333333332,0.11438848920863309,-0.22661870503597126,false,false,false,false,0.3982808022922636,false,false,false,false,false,,750.07,758.36,730.81,753.34,0.004935702470519221,0.004359593104643542,-0.057571056845476365,-0.22207765386204048,false,false,-0.0029866992327501896,-0.0067964000318581075,-0.06303926513924651,0.03634481110786636,0.0944062441925293,,false,유니버스 밖,2.0–3.0×,지수 5일 하락,지수 양봉,지수<MA20,당일 양봉,비정배열,MA20 아래,52주 고가 20%+ 아래,0.02241115966440488,0.07370287485200189,0.05296732269320337,-0.0032512859280102724,-0.1282191938328171,,
466100,20260716,hogaplay,26321,8108,13533,9,true,7874,1.9449493829897289,클로봇,KOSDAQ,false,true,24650.0,24650.0,23000.0,23400.0,141399,-0.0677290836653387,-0.05070993914807302,-0.06958250497017893,-0.3408450704225352,-0.690885072655218,5830120022.5,0.7097089269366056,82300.0,38100.0,-0.06837606837606836,0.07051282051282048,0.010683760683760646,-0.008547008547008517,0.39743589743589736,-0.03964757709251099,0.1035242290748899,0.04185022026431717,0.022026431718061623,0.4405286343612336,-0.02991452991452992,28900.0,20050.0,20400.0,24730.0,28457.5,39030.833333333336,49382.083333333336,0.2350427350427351,-0.1431623931623932,false,false,false,false,0.284325637910085,false,false,false,false,false,0.004672897196261682,813.32,816.47,786.59,791.84,-0.04532028019242118,-0.02641026902080364,-0.0027204030226699594,-0.20889572697391423,false,false,-0.05329359466558903,-0.0514624166498282,-0.05508688623964442,-0.09102849060416252,0.09195039401899363,false,true,비주도주,1.5–2.0×,지수 5일 하락,지수 음봉,지수<MA20,당일 음봉,비정배열,MA20 아래,52주 고가 20%+ 아래,-0.015082473710479327,0.12197523716264869,0.06577064692340506,0.082481482057154,0.3054855034169037,12:12,12:00–14:00
475150,20260611,hogaplay,98092,60063,34308,10,true,1868,2.8591582138276785,SK이터닉스,KOSPI,false,true,50400.0,54000.0,40050.0,40550.0,5998925,-0.08568207440811726,-0.19543650793650794,0.09594594594594597,-0.21566731141199225,0.9975369458128078,37871005147.5,8.51590082932766,69300.0,54100.0,0.06041923551171391,0.376078914919852,0.2009864364981504,0.20961775585696674,0.04808877928483346,0.041162227602905554,0.35108958837772386,0.17917675544794198,0.1876513317191284,0.029055690072639306,0.018495684340320562,61900.0,36450.0,37700.0,37310.0,41367.5,50132.5,36691.0,0.526510480887793,-0.10110974106041926,false,false,true,false,0.5851370851370852,true,false,false,true,false,0.8082644628099174,7509.62,7800.62,7394.46,7763.95,0.004285444493598467,0.03386722630439355,-0.10133330864028911,0.01580500186441447,false,true,0.046325646095093376,0.12398972172669853,0.16742637446145325,0.15022636673342804,-0.060798948988594725,true,false,주도주(RS상위20%),2.0–3.0×,지수 5일 하락,지수 양봉,지수<MA20,당일 음봉,비정배열,MA20 아래,52주 고가 20%+ 아래,0.014093589416620533,0.2520891931931535,0.03356006203669715,0.059391389123538696,0.10888772827342819,10:09,10:00–12:00
483650,20260813,hogaplay,39299,49505,10636,10,true,18368,3.694904099285446,달바글로벌,KOSPI,false,true,262500.0,281000.0,231000.0,236000.0,629477,-0.0992366412213741,-0.10095238095238095,-0.04453441295546556,0.189516129032258,0.358664363845711,51725268225.0,3.3826936253106736,283000.0,283000.0,-0.03177966101694918,-0.07627118644067798,-0.0826271186440678,-0.029661016949152574,,-0.03177966101694918,-0.07627118644067798,-0.0826271186440678,-0.029661016949152574,,0.0,240000.0,212000.0,216500.0,246300.0,238625.0,219155.0,200436.66666666666,0.016949152542372836,-0.10169491525423724,false,false,false,false,0.833922261484099,false,false,true,true,true,0.787012987012987,6773.92,6895.63,6748.13,6813.34,0.03561309856757222,0.005819377849162682,0.08210432026021297,-0.0646682435502669,true,false,0.024158489081713252,-0.050220596653036575,0.014619848708562921,-0.003590016056735812,,false,false,비주도주,≥3.0×,지수 5일 상승,지수 양봉,지수>MA20,당일 음봉,정배열,MA20 아래,52주 고가 5–20% 아래,-0.05593815009866243,-0.02605058978764141,-0.09724696735263072,-0.026071000892416762,,13:00,12:00–14:00
484810,20260825,hogaplay,52178,28798,19343,10,true,6125,2.6975133123093626,티엑스알로보틱스,KOSDAQ,false,true,15530.0,16850.0,14760.0,15280.0,1502316,0.11859443631039523,-0.016097875080489377,-0.078963230861965,0.13690476190476186,-0.19196192490745634,12061631837.5,1.8860963362752299,26500.0,19200.0,-0.07787958115183247,-0.11191099476439792,-0.12107329842931935,,,-0.05878423513694053,-0.09352037408149627,-0.10287241148964599,,,-0.020287958115183247,,,,15016.0,15627.5,12695.833333333334,14625.833333333334,,,,,,false,0.5766037735849057,true,false,true,true,false,0.4393939393939394,806.93,827.15,781.89,827.15,0.016991872917511808,0.025057935632582788,-0.008451210740829662,0.08143974060612402,true,false,-0.00033851175723864646,0.013613008523242431,-0.007132926313244248,,,false,false,비주도주,2.0–3.0×,지수 5일 하락,지수 양봉,지수>MA20,당일 음봉,비정배열,MA20 아래,52주 고가 20%+ 아래,-0.07754106939459382,-0.12552400328764035,-0.1139403721160751,,,,
950160,20260213,hogaplay,56611,25666,32824,10,true,17801,1.7246831586643918,코오롱티슈진,KOSDAQ,false,true,92900.0,93000.0,88100.0,89500.0,463018,-0.040728831725616255,-0.03659849300322928,-0.05090137857900323,0.19812583668005357,1.4254742547425474,59675476640.0,0.7251731244372981,110900.0,110900.0,0.02905027932960902,0.08156424581005584,0.06145251396648055,0.14301675977653638,0.08603351955307259,0.023333333333333428,0.0755555555555556,0.05555555555555558,0.13666666666666671,0.08000000000000007,0.005586592178770999,112800.0,87400.0,90600.0,93540.0,92575.0,80460.0,62628.75,0.26033519553072626,-0.02346368715083802,false,true,true,false,0.8070333633904418,false,false,true,true,true,0.8595505617977528,1113.53,1117.91,1099.62,1106.08,-0.017682217426442604,-0.006690434923172295,0.023418488670114757,0.15869640369163718,true,true,0.049390640821640464,0.04150694343989603,0.05349522638507165,0.00933928829741082,0.033813105742803495,true,false,주도주(RS상위20%),1.5–2.0×,지수 5일 상승,지수 음봉,지수>MA20,당일 음봉,정배열,MA20 아래,52주 고가 5–20% 아래,-0.020340361492031445,0.04005730237015981,0.0079572875814089,0.13367747147912556,0.052220413810269095,,
